datum_utc,zeit_utc,richtung,betrag_kas,gegenadresse_gekuerzt,label_laut_explorer,tx_hash,stand_danach_kas,anteil_umlauf_pct
2024-03-06,10:42:06,in,6.72000000,kaspa:qrelgny7…p3ap8m,Gate.io,c10d9b643f9d5b9aa1a69dcb5e725ff2c7a37d2f458e4ae0f300ab813bb16330,6.72000000,0.0000
2024-03-07,12:51:12,out,2.00002047,kaspa:qr4znets…s6s2sz,,2a59e5f49830acfa7fec5f1c6d4821963f5895c069b2bbed8a160bddeb295748,4.71997953,0.0000
2024-03-11,08:32:20,in,10.00000000,kaspa:qr4znets…s6s2sz +1,,9ce777465c769d755070c85ffc832341d32632cad72b6d1f7523c63a6b45158f,14.71997953,0.0000
2024-03-11,08:36:54,in,31600974.05989190,kaspa:qr4znets…s6s2sz,,2550bbe7eaa266ad204ccbd78010eb0c0f928cb418d1fed7fa1c8563333eb4bf,31600988.77987143,0.1375
2024-03-11,08:38:23,in,89999999.99989875,kaspa:qr4znets…s6s2sz +2,,c1c87768343ac27044083e04c3fa52fdf55fa4ab2b06e4747f856ef8671e21b5,121600988.77977017,0.5291
2024-03-11,08:39:24,in,9999999.99998343,kaspa:qzawve4w…0yvz25,,b088a51382d6393051ec0db744b2ef35628a87b24d51d9fcb6314a0ba8d60b1d,131600988.77975360,0.5727
2024-03-11,08:43:11,in,10.00000000,kaspa:qps6gt57…80dcgm,,abe1780936298fd5a24302b34500e1c13238913b5e5b1c58e1de263a5669f064,131600998.77975360,0.5727
2024-03-11,08:44:02,in,10001254.09930000,kaspa:qps6gt57…80dcgm +3,,039758f14011f356d56551282ff54cc7a98d0f3c5fc8af1386f1d6a7f476083c,141602252.87905359,0.6162
2024-03-13,11:46:46,in,3099996.72000000,kaspa:qrelgny7…p3ap8m,Gate.io,9326701bf4985a973ad69f7b11715f79824b1da3b36bf58436423f82707476d8,144702249.59905359,0.6291
2024-03-13,12:22:29,in,1999990.10000000,kaspa:qq3k4du6…ndmx0y +1,KuCoin,b15891cb12a9e392440b6eda315193f57aa8c561d173e46782f6373f2fbd50a1,146702239.69905359,0.6377
2024-03-20,13:08:22,in,1.00000000,kaspa:qpu9pjmd…daewcx,,ce0684615b7353b86c98d0e72ce6c342a0dc930944c24bcce9e5fb9920b5dc9d,146702240.69905359,0.6357
2024-03-20,13:08:50,in,0.50000000,kaspa:qpu9pjmd…daewcx,,2ccad9d2ce231f721f41eff71343c88f4337c0ce75a85272597e47a7840ee369,146702241.19905359,0.6357
2024-03-29,12:13:35,out,10.00003164,kaspa:qr4znets…s6s2sz,,cd1fd92d2fbc432c8b6a0e380eb7de3368c8e8cbf3c39a681643aa01f436c2e8,146702231.19902197,0.6330
2024-03-29,12:14:18,out,10.00003164,kaspa:qpu9pjmd…daewcx,,c024a95c173ed3458b2d4dfb3b759a4e7af2c8b18819f41721e04ef93b65d27a,146702221.19899032,0.6330
2024-03-29,12:15:23,in,10.49989576,kaspa:qpu9pjmd…daewcx,,4ad832f90252aaba34718e8d724a982fbe92548f3adb348a9f98fb5fa5022cc4,146702231.69888607,0.6330
2024-04-02,15:12:51,out,1.00003163,kaspa:qpu9pjmd…daewcx,,ef2e2e05758151b28228495aeda0081d9587763060e22ea1820ccb671a3d3025,146702230.69885445,0.6318
2024-04-03,12:57:04,out,1310.00003164,kaspa:qpu9pjmd…daewcx,,381a9432a9d8bbce2cbb965e0a2e51b0adbe84f7bb012e58a38237c988a8717e,146700920.69882280,0.6316
2024-04-03,15:07:30,in,11199996.18000000,kaspa:qrelgny7…p3ap8m,Gate.io,3143a8fd1443e8b8d387702b5e778307c63dcf238776101534701bd1b06aa57d,157900916.87882280,0.6798
2024-04-08,12:11:03,in,1655996.56000000,kaspa:qrelgny7…p3ap8m,Gate.io,9fbb65790b3b3d255974bd221bd18887f63fe791c1a02090f78a2fe5de94852f,159556913.43882281,0.6854
2024-04-11,11:41:58,in,950596.56000000,kaspa:qrelgny7…p3ap8m,Gate.io,18a746979ddd6c141313aaa137364c583ab1127c28943f1f0a156c9ee5faafb0,160507509.99882281,0.6886
2024-04-18,12:36:21,in,3770995.87000000,kaspa:qrelgny7…p3ap8m,Gate.io,61e759583e54f729bfd2c21c8705ba94fd8fa25e1f6c6f327fae7f877ae44268,164278505.86882281,0.7027
2024-04-22,11:55:29,in,2273995.87000000,kaspa:qrelgny7…p3ap8m,Gate.io,00d8771cb91e0b285c879269adead490974bf839816ba8c381c698d053a73009,166552501.73882282,0.7112
2024-04-25,12:15:34,in,1004995.87000000,kaspa:qrelgny7…p3ap8m,Gate.io,0c22b10c239b117a49c50d679a7baf425a2c834e28823794afdd06d4fda86306,167557497.60882282,0.7145
2024-05-07,11:46:59,in,5456995.44000000,kaspa:qrelgny7…p3ap8m,Gate.io,5219beaadd9a2e8dc527656c47297bbf57538e6e7999741c339c87bc4c1da562,173014493.04882282,0.7341
2024-05-13,12:02:51,in,2682995.98000000,kaspa:qrelgny7…p3ap8m,Gate.io,fd26a91b9160f1ad75eb87cb2274e0c97fec23c482c0ddac4fc6ba7c776d9ad6,175697489.02882281,0.7436
2024-05-23,12:06:39,in,3136996.43000000,kaspa:qrelgny7…p3ap8m,Gate.io,e44211da6631e7782209764549599f0adaffac02499dc7717e11059ddc9e84f2,178834485.45882282,0.7539
2024-06-03,12:03:18,in,2705996.43000000,kaspa:qrelgny7…p3ap8m,Gate.io,42cda84be6d22974d39e81a878693bf194b49efab5838f05f82b4b9605b23f07,181540481.88882282,0.7619
2024-06-06,11:48:14,in,2503997.14000000,kaspa:qrelgny7…p3ap8m,Gate.io,7a9ea8c8726ef09970a5dd610efc823d856c6d4fbd643679a03c14aa2ca6c677,184044479.02882281,0.7716
2024-06-10,15:19:59,in,100.00000000,kaspa:qr4znets…s6s2sz,,2036464361343e3c872d4767fb8ce2a4b17971cc3a5b740dbd4d2e92519393aa,184044579.02882281,0.7704
2024-06-10,15:23:38,in,3628706.03275123,kaspa:qpykj9tu…suu5xg +1,,4444796073f8ce422fd875a053c96afd0728f0fe863a0fb9c24aa054174d3e9d,187673285.06157404,0.7855
2024-06-13,12:21:11,in,5317997.13000000,kaspa:qrelgny7…p3ap8m,Gate.io,14d6e0776b35d97ab05f9bf63ad568e6c87f66b44799c09fa9bb1316b2e07e9c,192991282.19157404,0.8069
2024-06-17,12:36:13,in,2632996.81000000,kaspa:qrelgny7…p3ap8m,Gate.io,94f768b094f092202e6b2472e5e5dae49dfebbdba17ea25d04090ea2529d7d93,195624279.00157404,0.8167
2024-06-20,12:05:33,in,546596.44000000,kaspa:qrelgny7…p3ap8m,Gate.io,9cd3f5283dfdf9f6e0656e6731d3e546ccabbefb06c66f9990c09b9207533d9f,196170875.44157404,0.8181
2024-06-24,11:47:43,in,1131996.80000000,kaspa:qrelgny7…p3ap8m,Gate.io,dc939ddc856692585a2692d179e42f376cb84c1d861ba99624ba36ce74db657c,197302872.24157405,0.8216
2024-06-27,12:32:35,in,2829997.15000000,kaspa:qrelgny7…p3ap8m,Gate.io,bfdcf9d1b306981cca65e4039be7878fec8ff749fb1756527b365c08c48b04c5,200132869.39157403,0.8324
2024-07-04,13:04:37,in,6258997.17000000,kaspa:qrelgny7…p3ap8m,Gate.io,0b9f83268d1cea7b34c666ce8fa416f68094896aac243cead9296c426f9baaa1,206391866.56157404,0.8562
2024-07-08,12:08:35,in,2763996.88000000,kaspa:qrelgny7…p3ap8m,Gate.io,694c826d9e44fc6bf858f983a4421bd96f432b67e9250e80a77b3d50020c1fff,209155863.44157404,0.8665
2024-07-11,12:41:36,in,1173996.88000000,kaspa:qrelgny7…p3ap8m,Gate.io,9de64d7506f625c3037d48d948491bc180e14cee5824d50451240e6c05515683,210329860.32157403,0.8704
2024-07-18,12:01:05,in,1790997.07000000,kaspa:qrelgny7…p3ap8m,Gate.io,8d65803f950158c43b0799b1813f7381b06cc745ef5e867a584243502a608a83,212120857.39157403,0.8757
2024-07-29,10:52:37,in,3269997.43000000,kaspa:qrelgny7…p3ap8m,Gate.io,ee4dc04957efdab1a54222316ec6b05e4ece6f5b4c553792dd9d7c4fdd0d4940,215390854.82157403,0.8858
2024-08-01,13:08:39,in,6152997.43000000,kaspa:qrelgny7…p3ap8m,Gate.io,8e4cca0f51c034b431515f900910b483904f9a18106bc91a234f91b7df8cb183,221543852.25157404,0.9101
2024-08-08,11:36:38,in,7899996.78000000,kaspa:qrelgny7…p3ap8m,Gate.io,c6ed55a5d7944294f2f6baa4f6682038155188431699f7660ecc4548bdb30743,229443849.03157404,0.9404
2024-08-12,11:34:12,in,2749996.78000000,kaspa:qrelgny7…p3ap8m,Gate.io,22f3812bb1e95f39716cb372c8a2c99d612946677e5eba59834e2635a11efd2e,232193845.81157404,0.9504
2024-08-19,12:22:17,in,1847997.10000000,kaspa:qrelgny7…p3ap8m,Gate.io,a2159ddb0a70fdd571e8686765e4be96c49ca2e5519fe8c5c8c49ab8e353c264,234041842.91157404,0.9557
2024-08-22,11:23:11,in,970996.86000000,kaspa:qrelgny7…p3ap8m,Gate.io,31924f3a9f6c0c5d543f998cadac4a2c5c05005429fafb2c943782e04d1f228d,235012839.77157405,0.9588
2024-08-26,11:25:17,in,871497.18000000,kaspa:qrelgny7…p3ap8m,Gate.io,e999dff7c45abca94a3bb1fb312a885cc73dc568a84b9d5cf34160e5e857b823,235884336.95157403,0.9611
2024-08-29,11:57:27,in,462496.86000000,kaspa:qrelgny7…p3ap8m,Gate.io,6754add272c1b22fc995538e24d678de21e9e1427d8bb9cbead9ca5632a3506f,236346833.81157404,0.9620
2024-09-02,12:15:11,in,728196.86000000,kaspa:qrelgny7…p3ap8m,Gate.io,b910e6dc5f0130c13aaee6b056eedd8fa46eb01cb971b18e1722b0e39b34cea4,237075030.67157403,0.9637
2024-09-05,11:53:35,in,1335996.80000000,kaspa:qrelgny7…p3ap8m,Gate.io,671f9fd30923514fe68c703aeddc2f8ba46782d161987d540d24e775e29bd760,238411027.47157404,0.9682
2024-09-09,11:50:35,in,2886996.47000000,kaspa:qrelgny7…p3ap8m,Gate.io,6737a767bbcefcfafe3e1f343075d81cd408c2814bfcb776e591ceda3fdaba9f,241298023.94157404,0.9788
2024-09-12,12:18:24,out,300.00003164,kaspa:qz9ks6lt…v357ys,,8d9e989327882a92fbc7ca0828b12fa8954cd671757477224a964c00b45439d1,241297723.94154239,0.9779
2024-09-16,11:37:18,in,5682997.17000000,kaspa:qrelgny7…p3ap8m,Gate.io,002017815fcad9128ae98acb70dd40ff7d7a150b2bf5c0418b7fb98fcc443773,246980721.11154240,0.9997
2024-09-19,11:46:30,in,2806371.17000000,kaspa:qrelgny7…p3ap8m,Gate.io,81aca489e6e510bb21fabf35c349d46dfbbfdefd32992203a8fc997ccaec06ee,249787092.28154239,1.0101
2024-09-19,12:20:02,out,1140000.00003164,kaspa:qz9ks6lt…v357ys,,51d4cdfe781684cda3f94ef78ee33f9698d6d27a0580b491b13a4991d9e7f466,248647092.28151077,1.0055
2024-09-23,12:03:36,in,1958997.06000000,kaspa:qrelgny7…p3ap8m,Gate.io,f698dc42482cbaac35a5361356f67099a2221bd46f229443f5e72e8274330771,250606089.34151077,1.0122
2024-09-26,12:07:15,in,1304997.06000000,kaspa:qrelgny7…p3ap8m,Gate.io,1e7769dc68099da7c8c1aa300f901a25d8b3231ddbf4f570a2f6c1901d5e2fe9,251911086.40151075,1.0165
2024-09-30,11:19:01,in,2610997.01000000,kaspa:qrelgny7…p3ap8m,Gate.io,1e337d0e6cb764d92fdf248cedb40498bd659643c193e38aa7f00fac83e3b288,254522083.41151077,1.0258
2024-10-03,11:31:26,in,1704999.00000000,kaspa:qrvum29v…c3tges +3,Bybit,291fa958fc60940b5c2ddb1223387916d6d359317e02bf1c0b8ac9ea3423b16e,256227082.41151077,1.0318
2024-10-07,12:20:55,in,1319999.00000000,kaspa:qrvum29v…c3tges,Bybit,bdc791b2d6a734da137ac3bc3be45ab4b7befcc276275c9f5a815c8bab9592cf,257547081.41151077,1.0359
2024-10-07,12:34:40,in,1384996.57000000,kaspa:qrelgny7…p3ap8m,Gate.io,3be22e045983e0907fa29ab25156a63c89503c404d1963a3b96d324b465a7cde,258932077.98151076,1.0414
2024-10-10,12:12:14,in,1067392.00000000,kaspa:qrvum29v…c3tges,Bybit,4d7a2630d18be2bbf06cb9e64818709031782d06f99b0465706828fc2ead39fc,259999469.98151076,1.0448
2024-10-10,12:31:40,in,2746533.20000000,kaspa:qrelgny7…p3ap8m,Gate.io,4bbf4e7ff14ed6abb1f76a148d2a276fa2c6192b55a8405eabfffa8abf03059d,262746003.18151075,1.0559
2024-10-14,11:50:11,in,4244378.20000000,kaspa:qrelgny7…p3ap8m,Gate.io,0166dd4eccd6f9ae2dd9d87543b2edbd2b2dd48cdc97c5a9569c3521b169554d,266990381.38151076,1.0717
2024-10-14,12:31:30,in,2162999.00000000,kaspa:qrvum29v…c3tges,Bybit,5c6c32bb005bb17f5e1638c6a42b1407126eabb1864624dae14b9cd74b475da6,269153380.38151073,1.0804
2024-10-17,11:36:41,in,1647999.00000000,kaspa:qrvum29v…c3tges,Bybit,c268f08ae7510fc2bfcba03ceae68700b8d44859273f4b0ef2d1cb8d91556474,270801379.38151073,1.0861
2024-10-17,11:40:24,in,4224995.93000000,kaspa:qrelgny7…p3ap8m,Gate.io,1e65c14ce6fe54f5718a94858df844db79d466856f4651c757d3bee0410199a4,275026375.31151074,1.1030
2024-10-21,11:42:01,in,2562995.93000000,kaspa:qrelgny7…p3ap8m,Gate.io,c1a6e5ae4fdf85ef0b36e7b31b1098fe23d0be95e80c9ef3f47c9e439fabe783,277589371.24151075,1.1120
2024-10-24,12:27:43,in,1061995.00000000,kaspa:qrvum29v…c3tges,Bybit,c57c4e2f652d5c45d98aa87db2fc408b484822ab0bdfc309113f5ed8b923e52b,278651366.24151075,1.1153
2024-10-24,12:47:18,in,2867996.34000000,kaspa:qrelgny7…p3ap8m,Gate.io,6d34fa3523d365b7f164206a0ed0bcc5e4677deecab94ebe634c5f4af9fb04aa,281519362.58151078,1.1268
2024-10-28,12:26:15,in,1029995.00000000,kaspa:qrvum29v…c3tges,Bybit,424c2d06d2aea284bf43734e2e3bdc7b30d9d6066e68d72e57001643b3ccb50e,282549357.58151078,1.1296
2024-10-28,12:35:11,in,2439995.90000000,kaspa:qrelgny7…p3ap8m,Gate.io,cf174ec01c97e0960014ad624cacbd1a89d33cac19e28a1d0243df3a5971b5b6,284989353.48151076,1.1394
2024-10-31,13:08:46,in,10419995.45000000,kaspa:qrelgny7…p3ap8m,Gate.io,ca2fd659700316d694c386a115e8a1a6e1711c242c49c213634342a14f69530e,295409348.93151075,1.1800
2024-10-31,13:10:43,in,6721995.00000000,kaspa:qrvum29v…c3tges,Bybit,24395031f0c7a4cd910e8142544d9263a267167586d69c9a859d10262787eca1,302131343.93151075,1.2069
2024-11-04,12:32:52,in,2065995.00000000,kaspa:qrvum29v…c3tges +1,Bybit,991e1e50da258b09d70ed49c5253d4cf41acb7c7439d64777677f6e9b777d118,304197338.93151075,1.2138
2024-11-04,12:33:36,in,5523995.45000000,kaspa:qrelgny7…p3ap8m,Gate.io,cc3d1dcfd8b25257ae62fc9f57ab505b953a28e77ab55629a2d088536e73c76c,309721334.38151073,1.2358
2024-11-07,12:42:31,in,6160995.95000000,kaspa:qrelgny7…p3ap8m,Gate.io,269f63487e0fbd144d4a8e70373600664074eefbd46fbef66e99ec2685f3e767,315882330.33151078,1.2594
2024-11-08,17:44:38,in,100.00000000,kaspa:qrpel4uk…q8m2hj,,01a1bd41e298096ab3d8c3b95fc58e773f8f3d21542c02914b4a14151ddab87b,315882430.33151078,1.2590
2024-11-11,12:18:39,in,2677995.00000000,kaspa:qzm35r8v…mgjmay +22,,f6006d35cdc88fe34fda23c26fd4b95a98b5fd1df77316d3c11d02eac8490303,318560425.33151078,1.2687
2024-11-13,07:14:26,in,2429996.86000000,kaspa:qrelgny7…p3ap8m,Gate.io,24f71b3175e7aa72fd90a0e4d37ac7592c3ae010cbd62719b7db33184e4d59d3,320990422.19151074,1.2778
2024-11-14,12:40:42,in,1.00000000,kaspa:qzvzys3p…f0c40f +1,,5e37d0fdf53d362ccb07b8c4fed50d751ea87a5ad061e13da29a1c3b241131f4,320990423.19151074,1.2773
2024-11-14,14:55:27,in,2473996.13000000,kaspa:qrelgny7…p3ap8m,Gate.io,5a69f626f21338969a26ff286dec73903f1d76014e1892e5eeeed4c920ab4309,323464419.32151073,1.2871
2024-11-18,12:27:10,in,1897995.00000000,kaspa:qrvum29v…c3tges +5,Bybit,d3bdb22a457c240c9c2042a7967da01227cebe3817fc71250bd65c5b1eef9613,325362414.32151073,1.2933
2024-11-18,12:41:17,in,5621997.03000000,kaspa:qrelgny7…p3ap8m,Gate.io,1c22155ab3ca6b983dcd18dd2dddbaa1b6407edae9243329549672cceb28e2bc,330984411.35151076,1.3157
2024-11-21,12:52:42,in,569795.00000000,kaspa:qrvum29v…c3tges +2,Bybit,a1dff1b188b4b7acb1a9ce05e64f362013e25e7db0009b0f7c49d838c87aaf5e,331554206.35151076,1.3169
2024-11-21,12:57:13,in,6338996.71000000,kaspa:qrelgny7…p3ap8m,Gate.io,446865f44da63385578dff9b92cf4a3bfd6bcafa30da80e5ae9e5e1b6c056e0d,337893203.06151074,1.3421
2024-11-25,12:41:38,in,2611996.71000000,kaspa:qrelgny7…p3ap8m,Gate.io,362044a059cd8954f1143a211ae3a10313cdf520c6fe1f8e272b6331d855a041,340505199.77151078,1.3510
2024-11-27,12:45:11,in,1159996.71000000,kaspa:qrelgny7…p3ap8m,Gate.io,f26ddf8dc0afbc00fb5f3ade20e7dbb5dcf8e664459d6132c48ea422d3e8b47c,341665196.48151076,1.3549
2024-11-28,13:14:02,in,687995.00000000,kaspa:qrvum29v…c3tges +3,Bybit,fe67327fe1abdab2424314cf0685698a3073c089090e67eb2cd575c26fb211e1,342353191.48151076,1.3573
2024-11-28,13:24:19,in,2364996.70000000,kaspa:qrelgny7…p3ap8m,Gate.io,4977b487feb0c5cf58fdced75d6dc8504fe997f1bec29de4b75b5cf4d5138324,344718188.18151075,1.3666
2024-12-02,13:15:35,in,3301995.00000000,kaspa:qrvum29v…c3tges +2,Bybit,c2d7e5177ec00f510ee58a7beb91d858c57e3209d2937e3e740159a75f615fd0,348020183.18151075,1.3782
2024-12-02,13:21:09,in,10409997.03000000,kaspa:qrelgny7…p3ap8m,Gate.io,1d1f5cfec1a1d75c35d617ceacd06a89e752bf182090d83fb254913169380ee9,358430180.21151078,1.4195
2024-12-05,13:16:12,in,2289995.00000000,kaspa:qrvum29v…c3tges +12,Bybit,082687232488ec79ae26107d894570635e1110ebcfc064d7b6e413e76ea7ece4,360720175.21151078,1.4274
2024-12-05,13:37:08,in,4397996.72000000,kaspa:qrelgny7…p3ap8m,Gate.io,577cd0407cb22ea2df742469e03b378c28704aee9c5c0295df6f481e86d2c0cd,365118171.93151075,1.4448
2024-12-09,13:11:19,in,1781995.00000000,kaspa:qrvum29v…c3tges +3,Bybit,54ed4d146837a341d4bb27e140aae1cdeadcffbd38f2498af20706d6927d0dc3,366900166.93151075,1.4504
2024-12-09,13:23:37,in,4087997.35000000,kaspa:qrelgny7…p3ap8m,Gate.io,a0ff1ce5d8013e5fe27cbd8849cfc783b3c78ec36cf85a191bd6a07e13dfabf1,370988164.28151077,1.4666
2024-12-12,13:26:08,in,2121997.10000000,kaspa:qrelgny7…p3ap8m,Gate.io,6e6e239ac60bb58a468f91025ed4bd4126c567c1e67616681486d93fe47b38c7,373110161.38151073,1.4739
2024-12-12,13:27:41,in,3827995.00000000,kaspa:qrvum29v…c3tges +1,Bybit,e2ced6c61538e2f3dd0e0654b22c755208e597d18074e3ea63852cb08fbf5fb6,376938156.38151073,1.4890
2024-12-13,13:47:35,in,2110638.10000000,kaspa:qrelgny7…p3ap8m,Gate.io,fff77c4c58c09c0aede1ec2a3eb7cc4edb952e4523bbf5b858213bcc06dc73c5,379048794.48151076,1.4969
2024-12-16,13:51:14,in,740996.80000000,kaspa:qrelgny7…p3ap8m,Gate.io,619fcb73f04a60de38b3d1256343714d9d5689c7a3bb1574bcc13347b2f0d951,379789791.28151077,1.4987
2024-12-30,13:45:15,in,24419995.00000000,kaspa:qrvum29v…c3tges +1,Bybit,75c54296f63c7a09db2fcb0703fb82d25e1800ff7f4deef8cee166d0ef902dfa,404209786.28151077,1.5895
2024-12-30,13:54:10,in,15359995.83000000,kaspa:qrelgny7…p3ap8m,Gate.io,63fb29b70af6d86c7ceb89ce2f241171850466a5d49b7b88109b718db733e1db,419569782.11151075,1.6499
2025-01-02,12:35:38,in,2975995.83000000,kaspa:qrelgny7…p3ap8m,Gate.io,dad3d12a8c0d7b5fc276c23d8f58ddd9574caff142f7877b7ace5439fd10f95c,422545777.94151074,1.6604
2025-01-02,12:55:22,in,330595.00000000,kaspa:qrvum29v…c3tges,Bybit,06e1af38cbc35104ecb5b8f8d07a4a1b5b537cf2f4015323e01d485713af3ce2,422876372.94151074,1.6617
2025-01-08,12:56:15,in,4937995.00000000,kaspa:qrvum29v…c3tges,Bybit,166855f9e3012530292c60b8813b0f9752a23cbdf4fa62765e7c7a8d6e909535,427814367.94151074,1.6787
2025-01-08,12:58:35,in,7928995.83000000,kaspa:qrelgny7…p3ap8m,Gate.io,a31c8782f0774c8bb530d2ec3572ee30ca217d6dd36f288b9a09f37cab93060e,435743363.77151078,1.7098
2025-01-09,13:46:40,in,1107995.83000000,kaspa:qrelgny7…p3ap8m,Gate.io,6c4453b70ce7e51efd8e011dbe73fc82e65b3c2bc86e6639d8655baeed2bed73,436851359.60151076,1.7138
2025-01-09,13:51:13,in,1048995.00000000,kaspa:qrvum29v…c3tges,Bybit,b4a2c98932f9df7ae67ac2183cd623b7b0f55547278d67e995aa0c28bd369a13,437900354.60151076,1.7179
2025-01-13,13:07:29,in,3844995.00000000,kaspa:qrvum29v…c3tges,Bybit,29cd4c109d013a6435fbe742150f99423dc5dbc0831545dce5cc634bae5c453e,441745349.60151076,1.7313
2025-01-13,13:25:08,in,2276995.83000000,kaspa:qrelgny7…p3ap8m,Gate.io,d35cd3cd5baab033c1cd624de1f5e50626acf59b1d47203d8ea335d89d975f73,444022345.43151075,1.7403
2025-01-16,12:57:31,in,5809995.00000000,kaspa:qrvum29v…c3tges,Bybit,926fc107b2704dc3cacec748fe8b37b003803ffa1223b1551834ef0dff2ca8a6,449832340.43151075,1.7618
2025-01-16,13:29:15,in,4203996.66000000,kaspa:qrelgny7…p3ap8m,Gate.io,89ece59593b8c31905468b7c488ae69aaf059c885000eab22a92fb9fe8294c01,454036337.09151077,1.7783
2025-01-20,13:13:50,in,4397995.00000000,kaspa:qrvum29v…c3tges +1,Bybit,30b786c75d4d480218ebd53d9e76e04878ed18b201a817abf24c4f6610772cb9,458434332.09151077,1.7938
2025-01-20,13:22:22,in,7053995.94000000,kaspa:qrelgny7…p3ap8m,Gate.io,7e6f02de8b12794d014de93c02350ff2a1f075f52775be2b538e2b1c020e8728,465488328.03151077,1.8214
2025-01-23,12:56:15,in,2680996.35000000,kaspa:qrelgny7…p3ap8m,Gate.io,7d87b2609f485942bf462d5372d75a8609b30c732e67bc52fa8f61c448f8b385,468169324.38151073,1.8306
2025-01-23,13:00:34,in,3624995.00000000,kaspa:qrvum29v…c3tges +3,Bybit,301b1d0874a1e9fa48fba842e72a1faed99a68b6ac79a5eb4f8a63eb1fb4d4e1,471794319.38151073,1.8448
2025-01-27,13:01:54,in,2653995.00000000,kaspa:qrvum29v…c3tges +1,Bybit,080ba4440ead0ce09dd97fd14859ef6bdf8772b20a1c3ec6c106dae55b282ee6,474448314.38151073,1.8534
2025-01-27,13:12:09,in,4531995.98000000,kaspa:qrelgny7…p3ap8m,Gate.io,3ecf91ddc6a704b24bb92357d93d2fb6493f34c770c82d63feec0e7fbcfb4e8e,478980310.36151075,1.8711
2025-01-27,20:56:29,in,1.00000000,kaspa:qyp4qdu8…lc6g8l,,fc6b4651b7d7c9ae6ca5c7b4e2f2b645be7abb61a658fa38a045353a583cab2e,478980311.36151075,1.8710
2025-01-28,06:55:43,in,0.63848930,kaspa:qq0z68as…9pqepr,,a62a5e4fce587bf14ae47144f4496ad09f9ee6c6210b36720e9b13e6222d8686,478980312.00000006,1.8708
2025-01-28,08:46:00,in,1.00000000,kaspa:qzslxzl5…yqqka8,,2f5202a61ca2f2a79b7e17cde001fc43fff273201511ecd5cca0a69efe19558a,478980313.00000006,1.8708
2025-01-28,08:54:36,in,0.10320250,kaspa:qp6huu7r…x9ej64,,f35ca6fe96c9de16cd4ea03f152d43a695c626146e691de6dbed8598097f0742,478980313.10320258,1.8708
2025-01-28,18:26:28,in,0.69247000,kaspa:qypz5l9m…rr6y50,,d06fb49c925403415f42ece8409bf26ff52e49d58a02bebcd78a952a2189c518,478980313.79567254,1.8706
2025-01-28,18:49:09,in,5.00000000,kaspa:qq7d8njw…qud3hf,,cf6d46034282dd07dd2c9cf94d31e9b8c7ca0a9b6b338aa7d8b21d6fb522eeda,478980318.79567254,1.8706
2025-01-28,18:49:28,in,5.00000000,kaspa:qrmwx9ae…3g0846,,acb6422a4a7e0ff53d40a11ef324e1de728c0f599467b381ebe58e845e6a3ee7,478980323.79567254,1.8706
2025-01-28,20:19:09,in,0.98000000,kaspa:qrelgny7…p3ap8m,Gate.io,cf3c22922034cff2df95fcf3068dd8bfb1b296060e4574824eeac5ee20417926,478980324.77567255,1.8706
2025-01-29,09:01:56,in,0.66600000,kaspa:qq07scrh…qw043x,,ced368a9d2290035f69fdce29236aac656ee7d8722452652e3fde86c3140b71a,478980325.44167256,1.8703
2025-01-29,15:35:41,in,10.00000000,kaspa:qqc278gt…juy6nv +1,,cfafc71b3c8d68c861d24e516cfd1b4e84d355875304ac6e1a917e38ec9904a8,478980335.44167256,1.8702
2025-01-30,12:17:30,in,5404995.00000000,kaspa:qrvum29v…c3tges +8,Bybit,7a05cbcd38584a29d6c8a644f5730636e8699328028728c78c226d93ed416ed6,484385330.44167256,1.8909
2025-01-30,12:31:14,in,3460995.98000000,kaspa:qrelgny7…p3ap8m,Gate.io,b5f8848fde2a0727c3bc68694180167584e73872c626dead45a67bdf1c7517bf,487846326.42167258,1.9044
2025-02-04,13:18:15,in,11059995.03000000,kaspa:qrelgny7…p3ap8m,Gate.io,99b3d9a8d5d34f1e142f1bbb4bd51a3765ece96cdd3a0df019a16eca28f5ea38,498906321.45167255,1.9454
2025-02-06,13:05:19,in,7360994.50000000,kaspa:qrelgny7…p3ap8m,Gate.io,86b9148e0673eeb58d5abaf0516267f725089fdf0a639abd94c480355014247e,506267315.95167255,1.9732
2025-02-06,20:15:11,in,14.02025000,kaspa:qryvg049…kunvc5,,477fb0c00f557995cbb81291801e1deaa699902f9b05d6d9d5e1538ec5ad9594,506267329.97192258,1.9731
2025-02-07,03:49:30,in,1.00000000,kaspa:qzp35zqu…0zdwr2,,093a612895b2ec636962823fa5d493c57530b1f526d47aa8bb44b5fbb8fa8f6f,506267330.97192258,1.9729
2025-02-07,10:38:18,in,1.68880000,kaspa:qyp6pa8t…cw5unv,,0cab86e4ad9a68bc8dc30db58552d20e65f06722e0ab29034fff253334e35432,506267332.66072255,1.9728
2025-02-07,12:50:31,in,1.00000000,kaspa:qrz5pss6…yhtg0n +1,,e7774044ec4c6965eca20b5e395175ba516958ef136581099af3c81e4483258b,506267333.66072255,1.9728
2025-02-07,14:15:46,in,1.00000000,kaspa:qqz08tzw…hvsh06,,9a7a1886772c81a9484646917aa622a34134e87e10808000e9307f202b055239,506267334.66072255,1.9727
2025-02-07,16:49:51,in,1.00000000,kaspa:qppkdudf…h3aksw,,0aebcdcc5323fa252643f6d32e4d1f850e5f6b8bc584378c3e3caf644577c06f,506267335.66072255,1.9727
2025-02-08,00:08:18,in,1.32119110,kaspa:qz999se0…lt9q7z,,1369227f68e9c23e62feddb4d5c3764a34f3ed7863ef0d779031a4cecc6bf738,506267336.98191369,1.9726
2025-02-08,13:48:56,in,1.00000000,kaspa:qzn7fyun…djhf62,,57953e255e2e48f403c94a5622826932bd721da3b332ea4d6d6429e616f18dc0,506267337.98191369,1.9723
2025-02-08,22:54:23,in,0.20000000,kaspa:qyp2j0x4…h2mzgc,,cc372f31555d84bf147fe06fcaa3241e6664f0597e52df06d9f39764298568c2,506267338.18191367,1.9721
2025-02-08,22:55:12,in,0.20000000,kaspa:qyp2j0x4…h2mzgc,,517c9a3ec3653970184832d73834b96459cb1bcac71ef1f2c14c97a8e3bd70e3,506267338.38191366,1.9721
2025-02-08,23:03:43,in,10.00000000,kaspa:qrvum29v…c3tges,Bybit,292778648d148f56b4928cce03c1b67ff2e14d4708100aa8d7fa24f47ae45c19,506267348.38191366,1.9721
2025-02-09,15:34:12,in,1.00000000,kaspa:qrpq6ywp…nykem0,,adfefeacee7aab8d9ad1fb93069264ddfeffa793817f61b919e21fdacb7d076e,506267349.38191366,1.9718
2025-02-10,12:26:03,in,0.66660000,kaspa:qqyungpv…dw3f45 +1,,09f1d18442719f7972c220551d63af82511455d405a1236cb5127ae3ded3025e,506267350.04851365,1.9715
2025-02-10,12:26:14,in,11999993.96000000,kaspa:qrelgny7…p3ap8m,Gate.io,42a871b8794d4e48346c7782520f79cf06d4a74cc9cfa633c1ec312d48b351d5,518267344.00851369,2.0182
2025-02-13,13:01:34,in,2798000.00000000,kaspa:qrvum29v…c3tges,Bybit,aebe8e39d13d474b4fd24c468d3b04f07ab110b99c7f582c9114a6f7881c1c9a,521065344.00851369,2.0277
2025-02-13,13:19:39,in,4116994.51000000,kaspa:qrelgny7…p3ap8m,Gate.io,06abc911177cb39f83ebe0684ebbcaf3bf644ffb80206b953cd7938b4e931292,525182338.51851368,2.0438
2025-02-14,09:02:06,in,5.00000000,kaspa:qqjl9uqf…x757h5,,7cc2f60c35f63ed3a6a97d2e474a257e1b8b8a9c4cd621d55c865284d8a3b375,525182343.51851368,2.0434
2025-02-14,21:24:53,in,0.69420000,kaspa:qzhgepc7…p7mxkq,,6988f8c6bc51605ea5de5c886086dd3a34fece4d8f5717342c826d6df63de4ac,525182344.21271366,2.0432
2025-02-15,21:25:12,in,0.16022500,kaspa:qz8vak2q…3lkjz5,,ac7e8d742f661a803494d5faaff5c89fdfcc21a20123810e48a4ebe84fa0e9af,525182344.37293863,2.0427
2025-02-16,21:55:47,in,0.13250000,kaspa:qrhkssz4…k637qp,,108dacc95fe3b37b3a48689d760641501b46f03ec7063e5bb687d3b9a95b637d,525182344.50543869,2.0423
2025-02-17,05:26:02,in,1.00000000,kaspa:qzx8mny2…hxzj86 +1,,169b5602a5b2a36097b01f627e4928a06f3ed95365a6ddf8914f837bfae265ac,525182345.50543869,2.0421
2025-02-17,13:04:59,in,3875000.00000000,kaspa:qrvum29v…c3tges,Bybit,6bf4d82fb5e2e5fe1ae4bda20b1422f6a71276a5156350e639d89d5aa60bb826,529057345.50543869,2.0570
2025-02-17,13:31:14,in,2444995.07000000,kaspa:qrelgny7…p3ap8m,Gate.io,af16b5a467e3db5fef848c1a1893a9b75c516a96343fed315f6a31d91970dc98,531502340.57543868,2.0665
2025-02-17,14:13:37,in,0.80081350,kaspa:qypz5l9m…rr6y50,,81630726301ec9a6e0d9b823dcb1d0699ca1a4768ca98825e88e48682f963802,531502341.37625217,2.0665
2025-02-18,15:05:25,in,0.13250000,kaspa:qqz3t2nz…xs6el2,,b8424789d03ca69c636db09ed1fe43ae7cd6f26fc6d60e80090921f5f8bacb0f,531502341.50875217,2.0661
2025-02-20,13:07:58,in,42219995.00000000,kaspa:qrvum29v…c3tges,Bybit,8d356ae39564c8989d0b8265fdf68eed9ccb7316285c0c809635d0be4265c8f1,573722336.50875211,2.2292
2025-02-20,13:12:51,in,1752995.07000000,kaspa:qrelgny7…p3ap8m,Gate.io,730afeee7481cfc2d2db9f70a7bb03d97ff710e40c355718cf9f61fa76da7bde,575475331.57875216,2.2360
2025-02-21,07:56:57,in,0.22222222,kaspa:qrd7ax7g…uhvy97,,ff6bdfb477d44a2836cd880df99cb12a9ddd68e22bed872c56fc568e2b51fb30,575475331.80097437,2.2357
2025-02-21,14:02:30,in,10.00000000,kaspa:qq2ayxd8…0jfr0n,,b69d40954cc105523a8dcf6a6d01487838efbc9e6bd0638b699595a0803aa7a5,575475341.80097437,2.2355
2025-02-21,14:02:54,in,1.00000000,kaspa:qq2ayxd8…0jfr0n,,04c64fb1d0ccf71fc8ae28a2f1d41ef780fe8582808a6984725f1363971f2794,575475342.80097437,2.2355
2025-02-21,14:03:02,in,1.00000000,kaspa:qq2ayxd8…0jfr0n,,579d4565a8b9a81a809a5c77fb4298e1327357c0dbcd2ee99cbe53c529026800,575475343.80097437,2.2355
2025-02-21,14:04:15,in,1.00000000,kaspa:qz9n2qe7…ezezhj,,eb968c96c1af24d1b5f4421f9b49bea51fc9739ef022cdaf00d77a03c9e43b40,575475344.80097437,2.2355
2025-02-21,14:04:32,in,1.00000000,kaspa:qz9n2qe7…ezezhj,,64a038b9e8e0c734b195d7c8f06ddbd7467b1ec1a5606c54ed89ae52830a4075,575475345.80097437,2.2355
2025-02-21,14:04:44,in,1.00000000,kaspa:qz9n2qe7…ezezhj,,55c92dd10d32f15261ce65300ed75ed7c36782d256c389b75180c354ffe667d5,575475346.80097437,2.2355
2025-02-21,14:05:01,in,1.00000000,kaspa:qz9n2qe7…ezezhj,,1b0a5d385f52f390e432b3495b720d71282d4f4143f087d93abc6a50ab3d0064,575475347.80097437,2.2355
2025-02-21,14:05:14,in,1.00000000,kaspa:qz9n2qe7…ezezhj,,5625d6b1d6b51e41266679ddf3a8d9f0df4ccc5d44a44b2e5fac180fb741a85e,575475348.80097437,2.2355
2025-02-21,14:05:27,in,1.00000000,kaspa:qz9n2qe7…ezezhj,,6395c1f806d3f114082f3a4787357297a675b38d1b940ad6145fae0c567ffe3d,575475349.80097437,2.2355
2025-02-21,14:05:39,in,1.00000000,kaspa:qz9n2qe7…ezezhj,,ed6e4f2ff4b18304ab05ef55755c0b40ed0050e651517e2584bea161cdd4b26e,575475350.80097437,2.2355
2025-02-21,14:05:55,in,1.00000000,kaspa:qz9n2qe7…ezezhj,,257cef8ef967220cca9aa644c096fdb61b97f2b3ab72e905378ffbb2ed7ba5c3,575475351.80097437,2.2355
2025-02-21,14:06:11,in,1.00000000,kaspa:qz9n2qe7…ezezhj,,234c5538e471460b99841b8380790a2ec5d35fe41a86a53efaaa33279e77e9ee,575475352.80097437,2.2355
2025-02-21,17:47:14,in,1.00000000,kaspa:qz9n2qe7…ezezhj,,d04ef46f8e400d8a3f0af33ec4efcbf3a7c780953821247425a8f4a923b5577e,575475353.80097437,2.2355
2025-02-21,22:56:31,in,0.19990000,kaspa:qpdffpjz…h7dt0z,,a2c0aa6d6b994438fa7f05e4af3aece149fedd4afaa1771c3f95905237c35b46,575475354.00087440,2.2353
2025-02-22,02:38:44,in,642669.71620980,kaspa:qrvum29v…c3tges +1,Bybit,73e9f17ddd5d91bdcfbf924e2b2b963cc2f336f3c14235222e62d95ce4c753a6,576118023.71708417,2.2378
2025-02-22,10:46:45,in,0.69740000,kaspa:qz23yfls…vfpavv,,98f1e9b9437afc57439e8e0acfeeb4d882380f6221e9c363052e3e7fb2896b9f,576118024.41448414,2.2376
2025-02-23,19:42:53,in,1.00000000,kaspa:qzd4p3tj…5p4d5a,,04eca8662dc88d6161f458b427a8c75b52ecaa2741bcc6b4d5ceb4a28cc8936f,576118025.41448414,2.2369
2025-03-01,12:32:44,in,1.00000000,kaspa:qq2ayxd8…0jfr0n,,49a8f6f32d185c91fce0aa5f8ea3800b190d562a1955ee4acb29d397467ce603,576118026.41448414,2.2341
2025-03-01,12:33:41,in,0.19990000,kaspa:qrwc9xqa…mmzksq,,69a164011cc9a082bacd8466d51257b3beaa5daa6ae7b416c2a729cdd9959cd6,576118026.61438417,2.2341
2025-03-03,12:44:12,in,22459993.94000000,kaspa:qrelgny7…p3ap8m,Gate.io,06475adbb673e1938af6e617b83d1bc702ab860155568e9180fa656bd7d666cf,598578020.55438423,2.3202
2025-03-04,12:51:46,in,5.00000000,kaspa:qr9fqcxp…h7lrw0,Kraken,d0670a5e4f260eac6e60d29a3e2a8ba7d81bb6c7f6d50bb759218f38a85b6b11,598578025.55438423,2.3197
2025-03-04,15:16:13,in,0.20000000,kaspa:qzhgepc7…p7mxkq,,4bc6154bdd10ee523f17db329ae413117a38862a1e9dc0d637680765b6d1cf3a,598578025.75438416,2.3197
2025-03-06,12:26:36,in,19689993.28000000,kaspa:qrelgny7…p3ap8m,Gate.io,7750aa40c482a9cc7ba5d41a7d97bd38cf631696487c7ebea0cffff7fb7f4a92,618268019.03438413,2.3950
2025-03-10,12:20:52,in,14329991.83000000,kaspa:qrelgny7…p3ap8m,Gate.io,761cdd133f79fc33e8f39e92be2b3830e1cab9fac49501888a4474721f1133cc,632598010.86438417,2.4485
2025-03-13,03:15:45,in,1.00000000,kaspa:qpnsmxed…r5gd38,,de52e2c14218cec6cd0f59681452965c6969cb0898704684487616918b715a19,632598011.86438417,2.4472
2025-03-13,12:42:39,in,409123.91950500,kaspa:qrvum29v…c3tges,Bybit,053720edc9d9510f43c8fc16ba4425e0d034207cf6281a571273fae469513c5c,633007135.78388917,2.4485
2025-03-13,12:57:42,in,15989992.55000000,kaspa:qrelgny7…p3ap8m,Gate.io,f132c9f0bf4ffc1bf665c619574385044aa91b580974351e724a597b661b1212,648997128.33388913,2.5104
2025-03-17,13:46:38,in,7536993.35000000,kaspa:qrelgny7…p3ap8m,Gate.io,d495829d1a26fd441820538aeead12800f56f80ed19af1650a64e5cdb76602c2,656534121.68388915,2.5374
2025-03-20,09:10:13,in,2135591.93775758,kaspa:qrelgny7…p3ap8m,Gate.io,fdfb8484fe77141aabb2a853098fffe3a738c013a510912d2f017a4f2900b137,658669713.62164676,2.5442
2025-03-21,18:53:38,in,1638101.00027500,kaspa:qrelgny7…p3ap8m,Gate.io,ebe1c8872319fd92b96ba92326779ae4f564b20db4312929fafe5c766d33e00c,660307814.62192178,2.5498
2025-03-23,08:15:02,in,0.20000000,kaspa:qzhx5sww…d7he0d,,5cd8de34ebe8258ed37b9ce566d63f328375e833db3807a96d05afe18eea6f7e,660307814.82192171,2.5490
2025-03-24,16:18:13,in,1298451.23592750,kaspa:qrelgny7…p3ap8m,Gate.io,73bf2ab8993c3efe04567f0b7bdf74259e0a99bc0db195ff376a755cf0f03fae,661606266.05784929,2.5533
2025-03-26,07:48:38,in,1693079.52118470,kaspa:qrelgny7…p3ap8m,Gate.io,8eb455b786ca3fc60c6b0240539f4d6c3324c5a229a579949d8b337bfba0af9e,663299345.57903397,2.5590
2025-03-28,08:17:32,in,2966093.38000928,kaspa:qrelgny7…p3ap8m,Gate.io,20aef514bf19094411b2a32f14a6e78a4472ab52f5a1c89c24700896a0e495be,666265438.95904326,2.5693
2025-03-31,10:25:43,in,9083699.54472698,kaspa:qrelgny7…p3ap8m,Gate.io,348228624437943568aaee2bf4e727dcb44fc8d10ed187607529943c41d50c9f,675349138.50377023,2.6027
2025-04-01,03:49:12,in,2508142.50839000,kaspa:qrelgny7…p3ap8m,Gate.io,5b94fbd34b15c94f7b6ff47405a75249440637ea2beb7c35a59c29827db199eb,677857281.01216018,2.6120
2025-04-02,06:43:15,in,1663775.72940144,kaspa:qrelgny7…p3ap8m,Gate.io,64b31d97591612f9ae97b5b6d7ac3046c0d9ceeeb1d1e30b5a437727a7ba97b4,679521056.74156165,2.6178
2025-04-02,20:19:11,in,1.43000000,kaspa:qr96rc2n…v58g5f +1,,4fa4f0569e1cebe9ac20aa1a1fba7fb6039c85c85eac097802075d28f2f89fe7,679521058.17156172,2.6175
2025-04-03,09:01:56,in,1131661.97197250,kaspa:qrelgny7…p3ap8m,Gate.io,0a789981b06dd8d19dbe3dec402c83da0e49ddba77d4ab96caa2d0bf01887601,680652720.14353418,2.6216
2025-04-04,09:10:11,in,1993507.58112289,kaspa:qrelgny7…p3ap8m,Gate.io,5f58587b52e2034019435769d8c98c0f57870b7c4055673c3a6727d4d6a72ef8,682646227.72465706,2.6287
2025-04-07,00:47:14,in,1613627.23423700,kaspa:qrelgny7…p3ap8m,Gate.io,72b62539e3d74d49a40a3a2ce981fcc7cba4203c48a4d3d18a82ae361fd522d4,684259854.95889401,2.6335
2025-04-08,07:42:39,in,3111266.46793373,kaspa:qrelgny7…p3ap8m,Gate.io,28e715a8f7b075005f3c952f8676f93d063a4ab412b9b9cd91788063d0d54a2c,687371121.42682779,2.6448
2025-04-08,08:54:38,in,1177264.53513500,kaspa:qrelgny7…p3ap8m,Gate.io,09f314ab18708a6076abd74028c1cf1ef45b33b414709cf41a37490bf3ffc2e8,688548385.96196282,2.6493
2025-04-09,12:33:40,in,3170078.53536800,kaspa:qrelgny7…p3ap8m,Gate.io,9801189572dbea78475296ed79d0c6b2c76e6ca1de0223e5118e750870f602de,691718464.49733078,2.6609
2025-04-10,06:31:23,in,0.10000000,kaspa:qr4rwu68…manga6,,0ee7f7722338dd51159de0645b4bc1be90ba070e0bd6dff09970dfc9647dfe57,691718464.59733081,2.6606
2025-04-11,08:31:15,in,2145464.82548856,kaspa:qrelgny7…p3ap8m,Gate.io,7280b6112c34eee39ee74569428b1de866916f8ac9b20e87d206fcffc7508b81,693863929.42281938,2.6683
2025-04-13,23:34:47,in,1462943.71471304,kaspa:qrelgny7…p3ap8m,Gate.io,98b581136436e8a906e887c297314b10d442c2de4fa75498aa58892684377e18,695326873.13753235,2.6725
2025-04-17,11:16:12,in,1531142.79197200,kaspa:qrelgny7…p3ap8m,Gate.io,8238af8eae96ee9587e33d6bf318fdffce533e375158a0ee92a43db0fd900ea0,696858015.92950439,2.6766
2025-04-23,07:50:09,in,2011476.79241532,kaspa:qrelgny7…p3ap8m,Gate.io,652ae5e28b211ba848db129f198eb1c1a693f19609635d3495e9e2329e8edf05,698869492.72191966,2.6813
2025-04-24,09:40:11,in,1428269.08284847,kaspa:qrelgny7…p3ap8m,Gate.io,c05a2a2d8f5feeda126df8e5ede12298604301b07802c7b5f9064176204b2ba0,700297761.80476820,2.6862
2025-04-24,22:41:19,in,0.23450000,kaspa:qpxlfp5w…0ndrdh +1,,43972a717afb1bc857969e6f4d5b84c212b1cb1f672c84a7d283d9643ea241d6,700297762.03926814,2.6859
2025-04-25,04:16:10,in,2092195.98313940,kaspa:qrelgny7…p3ap8m,Gate.io,d63220cb161ba4f99554b2906df2ad1a262ae84a3ff9af50a7185322ad76bb9e,702389958.02240753,2.6938
2025-05-01,01:02:46,in,11587494.56324480,kaspa:qrelgny7…p3ap8m,Gate.io,d967233467f020a8df64455f2c7dba8215d079edec9aaceacc9f8958d7434585,713977452.58565235,2.7352
2025-05-03,06:47:39,in,1800471.64830520,kaspa:qrelgny7…p3ap8m,Gate.io,11b850033bd700d33dabe4c6b1af84b884cb32f4956a1adbae179b23c99bdcf2,715777924.23395753,2.7409
2025-05-06,07:24:47,in,9993966.13499100,kaspa:qrvum29v…c3tges +8,Bybit,2517eb755b4cef7ce1362703ed5ca3ff7a0e832d1350561e58b7745c45819051,725771890.36894858,2.7776
2025-05-06,14:20:54,in,0.66600000,kaspa:qpyn3vjw…qnhhw4,,054f01dc8b4fd85e8931ee5aa92485af3a4b00401990865b6a3a07fa534c2344,725771891.03494859,2.7774
2025-05-07,12:23:12,in,0.36500000,kaspa:qqytjway…z5p5pk,,1e446b0b59a45542ef4ece54a92139c7603db7c01fde7fcc651a0ba9de7fe2af,725771891.39994860,2.7769
2025-05-12,12:29:08,out,3151025.00003164,kaspa:qrdxt5uf…0updzy,,72edb68f09b8f8f459a791318be54e51a8a363655d5af604c9b1c9c2eb79845a,722620866.39991689,2.7624
2025-05-14,15:29:25,in,1.00000000,kaspa:qzcevuuh…93uvln +1,,2936919caee8f79d096da40130251ae3d0b3b6c29f860202b5c770bce0395896,722620867.39991689,2.7613
2025-05-19,01:57:40,in,6089193.19144074,kaspa:qrelgny7…p3ap8m,Gate.io,12d4b90d968c7f5215bf12c2b9cfa9da2bd1cfa23ee4b37d553ff4ad08d5c19e,728710060.59135771,2.7823
2025-05-20,00:37:08,in,0.10000000,kaspa:qrctm87g…qaul9h,,1fc30dae10944dd06d1d11600841ea67ee1c1b838e76fa624851fda16fe7acd1,728710060.69135761,2.7819
2025-05-21,00:57:14,in,1925920.46821950,kaspa:qrvum29v…c3tges +1,Bybit,bde0b6035f1a61406ee1bbe81c60f4a984fb70c9c7d6d61ff18ab5d4594a207e,730635981.15957713,2.7887
2025-05-21,11:47:07,in,0.10000000,kaspa:qrctm87g…qaul9h,,27a21a78daaa43076901380372d837fe40a0b6143e371ede8caccd8a505d6bd9,730635981.25957716,2.7885
2025-05-24,02:37:01,in,0.52772000,kaspa:qphxp50j…9jal62,,817c0796d5b1b4c5ac8901b3981552dedf195ea36c12d0d4956bb8f815ef2b49,730635981.78729713,2.7871
2025-05-29,14:21:07,in,5.00000000,kaspa:qrn5rlf4…ua0gvr,,cdde7908b311ebefed7de9637fc806c3de9c3d93d282aef69d2ac952d37d2787,730635986.78729713,2.7844
2025-05-31,13:15:41,in,10239736.69790400,kaspa:qrelgny7…p3ap8m,Gate.io,728fd05b7b7dd270d2df6c88627e375a3fe8ba5f9023f09e92c806a2489f3f97,740875723.48520112,2.8224
2025-05-31,13:16:19,in,5842006.40413900,kaspa:qrvum29v…c3tges +3,Bybit,dea0fb740310302cd9b62b99d0a5f44c2729c09beace0a06b12eb3b5ce278c04,746717729.88934016,2.8447
2025-06-04,22:49:40,in,4715304.76000785,kaspa:qrelgny7…p3ap8m,Gate.io,a4f573fd37d5b55d4c77d6f76503253ad0f0a8f437cf6da5ff02c03dc62b3512,751433034.64934802,2.8603
2025-06-09,23:28:54,in,6119573.50560000,kaspa:qrvum29v…c3tges,Bybit,858e9f4733f23a44d936fea9cc69feed492e9afdf1f14d3cff3c0587678fab78,757552608.15494800,2.8812
2025-06-11,12:55:09,in,6893257.54534420,kaspa:qrelgny7…p3ap8m,Gate.io,1461985347acc33e920f00f2e33f9563360d8c8a7d5ca56b89c1b7b2f741bb64,764445865.70029223,2.9066
2025-06-17,13:40:00,in,0.20000000,kaspa:qp6p2kcq…0m2gr5,,c083faebee36370407531d4302d7a82b1c16bb9a93cac44ccd1cab2eb705bdb8,764445865.90029228,2.9036
2025-06-17,13:40:44,in,0.20000000,kaspa:qp6p2kcq…0m2gr5,,a031bc46e7778fa4d9cf1e687494af4c915e5d5fa7a2937674d0ab3c4de1446e,764445866.10029221,2.9036
2025-06-17,15:14:08,in,1.00000000,kaspa:qz2q48eq…5urjwe +1,,462d8a8a90b8cf0d19908f3d14906e636232a807f21d14e5f39997ff56f2f901,764445867.10029221,2.9036
2025-06-17,15:16:51,in,0.10000000,kaspa:qpq4h9pa…6780jt,,515f838c14eb89713c775efc6aedbb43eca84306d291fbc739ae21b4bdeb24d5,764445867.20029223,2.9036
2025-06-20,02:45:35,in,0.20000000,kaspa:qypu7h0s…4qvad4,,4ba639966cd0cbc8a89f1524b3230791b208af0570cbb5c44af84bab8696f244,764445867.40029228,2.9024
2025-06-22,23:45:07,in,10567651.71438000,kaspa:qrvum29v…c3tges +2,Bybit,4de2b7227cb1866a65fe48048d800f2df0fc7618fdd07f9439b4663d227a18cf,775013519.11467218,2.9410
2025-06-23,03:34:14,in,21021713.11990569,kaspa:qrelgny7…p3ap8m,Gate.io,6b769bee50bc44ed9b423f08e753867548239dc240d47775fdb1e46100cd61c3,796035232.23457789,3.0207
2025-07-03,00:40:02,in,8991383.51807600,kaspa:qrvum29v…c3tges +11,Bybit,e47b4dde7554a621d0848298ba8c3f8865b503af50f1685a205d699e2c0d19cd,805026615.75265396,3.0497
2025-07-03,01:20:14,in,11379848.90616407,kaspa:qrelgny7…p3ap8m,Gate.io,05caaa4494e95e47b5f9e5c44219e19a361fd266a7ebe66c9ce267eccd50a0a5,816406464.65881801,3.0928
2025-07-04,10:49:56,in,0.23018021,kaspa:qplzup3r…24xmg5,,e49d42a845440601cfa211406886ccd65c9413c587a47567daf1f633f03b14f2,816406464.88899815,3.0921
2025-07-04,10:57:02,in,0.89000000,kaspa:qplzup3r…24xmg5,,d5ed8cf544a42397c95c42f8588416a170b0101e1e568ddddd8b354028193f8d,816406465.77899814,3.0921
2025-07-05,09:16:11,in,1749991.87847820,kaspa:qrelgny7…p3ap8m,Gate.io,34e9538fd3225652553930657c3d767d5ccab0fcd545038a69c202e45929dcd6,818156457.65747643,3.0982
2025-07-09,20:05:48,in,0.39974999,kaspa:qq6vraj8…6e4fvr,,210064a9d77546f0c14bf046590ef5310f79e80c5efea19ba8381ba787ad36cf,818156458.05722642,3.0960
2025-07-22,09:10:43,in,13752811.12838503,kaspa:qrelgny7…p3ap8m,Gate.io,1f7eaa3385f8fcc6fe0bc51cce6e38933d7e4b1e525096743b9888b5ad1e5a8d,831909269.18561137,3.1417
2025-07-24,11:30:47,out,4794864.00003164,kaspa:qrl6dvnd…4dl80k,,bb32453d1d5eca4b6a047d2d246d06c4d0512da967d9a5e55d669224a7d17261,827114405.18557978,3.1226
2025-07-26,19:22:38,in,1.00000000,kaspa:qypdc735…6gets3,,d2c59bc53b663c83ffd8f8213077394ad9c5a5013150c971222877a9bd4791aa,827114406.18557978,3.1214
2025-07-30,10:37:56,in,1.00000000,kaspa:qpjqpeuq…gslxcw +1,,3d24dc24533ca428ac852f8dab7c5111be2a1390b51c5c024ca5aed247090fee,827114407.18557978,3.1196
2025-07-31,03:07:42,in,3070742.00281500,kaspa:qrvum29v…c3tges +4,Bybit,fa7592bd93f34059314c9c13c2e37e0dc5f2c9959f36bbd83c9d975895b38da3,830185149.18839478,3.1308
2025-07-31,03:11:14,in,10030735.61931922,kaspa:qrelgny7…p3ap8m,Gate.io,1ca93e3a48d8dc3711a42d8d0f8ddbb8d2efd16540be3a2396ef49eb07e84854,840215884.80771399,3.1687
2025-08-06,22:58:28,in,5037391.97524800,kaspa:qrvum29v…c3tges +4,Bybit,071723a068bbee75517e952134c4c73f1bb163107bb80bde35a42bf61dbe8a53,845253276.78296196,3.1843
2025-08-06,22:59:37,in,9158546.51029180,kaspa:qrelgny7…p3ap8m,Gate.io,20abf400f929a6b2fe5242d44adada02168711a0d40a5cfa651405ae64b6fd36,854411823.29325378,3.2188
2025-08-08,10:13:43,in,1591849.41035140,kaspa:qrelgny7…p3ap8m,Gate.io,ccc441e9f38dfa7aae7ac10efd99ecf65261da03c17d163e9d5f768daa70fa6a,856003672.70360518,3.2240
2025-08-11,08:45:14,in,2217139.68053525,kaspa:qrelgny7…p3ap8m,Gate.io,87b3a7025a11b469db4c973493a043ef7e527dc825fabbb5943c7d59adc779e3,858220812.38414049,3.2310
2025-08-13,22:29:52,in,1.00000000,kaspa:qz3hmshj…ccqqtr,,5072241aef344a799cb983c1da43cb48ae150adbf8a34009bd763d683ab8b183,858220813.38414049,3.2297
2025-08-14,06:13:38,in,2490402.34806740,kaspa:qrelgny7…p3ap8m,Gate.io,7c170d3244c2475b42126d302ab486d3fced4728ea4cd1a8a1d8f2472100b83a,860711215.73220789,3.2389
2025-08-21,00:47:55,in,1.00000000,kaspa:qzh05nkr…vrc6vh,,ab820572333033d635ea83e2f51e91d23cc9d01becd83161d541a2c134855bf8,860711216.73220789,3.2356
2025-08-21,08:41:16,in,0.11000100,kaspa:qqpyt54u…2lu2g8,,41bc79406a84f205ec43c37438adacc69c3934214bdeea85b124343c9d6e1100,860711216.84220886,3.2355
2025-08-21,08:41:45,in,0.11010010,kaspa:qplrqna7…gj0hc6,,ff99ba3fd09e5e805da730adb5f6f6d0d1733b1c0e86df00575d800c7843ceb2,860711216.95230889,3.2355
2025-08-21,08:42:05,in,0.11011100,kaspa:qppqudrx…2n2keq,,bb22a2edb96c83b0406e004a967977336a6ad9adc93581a03dcd5f559219e8a7,860711217.06241989,3.2355
2025-08-21,08:42:26,in,0.11000010,kaspa:qpheg9sj…twap64,,49cd854f1bf02a459c79d317a8218f6d208cd189b81731d9ca02ed32f2a5ec14,860711217.17242002,3.2355
2025-08-21,08:42:55,in,0.11011100,kaspa:qqn7035g…z7e06a,,58d4ef196e150cd63d7b3016190f5c2976de48382be989502e8888a54c97c862,860711217.28253102,3.2355
2025-08-21,09:02:04,in,0.11000110,kaspa:qz3eedpt…z2ta4y +1,,bafd3c65bc041ed76f150926ab669795d7353b7052d9d4b9c5cc53fe1c97126c,860711217.39253211,3.2355
2025-08-21,09:02:23,in,0.11001010,kaspa:qqz2pgdz…3fpuxq,,f4c559794cb63deb3cbfda5c02093d24746717f568123b91dbcde89ed0f75f3e,860711217.50254226,3.2355
2025-08-21,11:42:07,in,0.23456789,kaspa:qr83j79k…au2umy,,f7cb162cfa8a390f8359f4314f255b6b70bd93c4d7d471e8dffe9102ea50fa90,860711217.73711014,3.2354
2025-09-03,07:19:52,in,0.42000000,kaspa:qypjjuhn…zwg8lx,,9bfb56cb58fd19f0ddf1c532e7764c0be1059a80c625022c4ae523a6e43859c9,860711218.15711010,3.2292
2025-09-04,01:07:47,in,0.50000000,kaspa:qqxr853d…ll9fw0 +1,,69822b6a8ff540d2f4f004cf828818cc80c8eadcdca82d2143fb153e085ec34e,860711218.65711010,3.2288
2025-09-06,07:02:11,in,24311760.91286649,kaspa:qrelgny7…p3ap8m,Gate.io,421ce486e0cccb8d569a924655fe900a8f66a39c4911711d3562762426aef823,885022979.56997657,3.3190
2025-09-08,03:15:12,in,2624628.36828573,kaspa:qrelgny7…p3ap8m,Gate.io,7ae79585ebcc58ae769641aec00fdf6b3ab3cd4ab614aa1185c83f86b50afb92,887647607.93826234,3.3279
2025-09-11,11:02:09,in,1.10000000,kaspa:qp6s3sxr…qt9yjj +1,,1db5ce06b8fc81c4191b2eca68b1f4a585be60495810f01df36ec2c39d752367,887647609.03826237,3.3264
2025-09-13,05:55:36,in,8715514.68659526,kaspa:qrelgny7…p3ap8m,Gate.io,2559c7678a4fc7f934fbc6fb75deab46b9249fab3746a7c0bce59cf94597b2ab,896363123.72485757,3.3582
2025-09-17,12:34:28,in,0.56000000,kaspa:qpkyejvm…mae47y,,4a5b94acb51b5f95ff2b92b568dbfbb9171f75fd2767c32cdd2f98277c31bd60,896363124.28485763,3.3562
2025-10-01,08:35:56,in,1.00000000,kaspa:qqa77mrg…97q5zg +1,,5e368227c57b9c74b94f12333018538b20c8a342bdb003bb2ceb5789d1828d26,896363125.28485763,3.3496
2025-10-02,07:44:27,in,28073468.77127600,kaspa:qrvum29v…c3tges,Bybit,e376b5634b6bf8924e80e689fde91672d5afd8debcf4af5c5d4600c20a299b00,924436594.05613363,3.4541
2025-10-02,07:50:12,in,20779951.74350592,kaspa:qrelgny7…p3ap8m,Gate.io,e6d1fb603d7f5740c57317710bf9453dc0d806851eee72503b7cacead0c8da13,945216545.79963958,3.5317
2025-10-04,06:42:40,in,4335060.07113518,kaspa:qrelgny7…p3ap8m,Gate.io,373b83390a0f00abaadd3020f9b4bcf15cb86a1ae7531ac1c7b70d2e4b6d5da7,949551605.87077475,3.5469
2025-10-04,16:39:26,in,0.20000000,kaspa:qpn2xyeg…zlu8ue,,094844027a263b456db685e67cedc67ebfdd45d1af357afc765bf75a702f0012,949551606.07077467,3.5467
2025-10-04,16:40:00,in,0.20000000,kaspa:qpn2xyeg…zlu8ue,,802fbe4525b78ff2a8be89693459908f0a38a9bad3d867f9e347ca9b8b2f4f6f,949551606.27077472,3.5467
2025-10-05,07:10:57,in,1.00000000,kaspa:qzm0skmh…rgn9lz,,a47961f1e0a0d41003b7c3da40541f5cbf8cb015c57b050b7b39366e33f0ebe2,949551607.27077472,3.5464
2025-10-05,12:33:30,in,1.00000000,kaspa:qypwtu4w…tryxxm,,fdf3c51ab17abace9f8398de17faa9a48289824d3c2215e12bca79273ee08ca1,949551608.27077472,3.5463
2025-10-05,18:30:04,in,1.10000000,kaspa:qpq6sg00…j0pgnc,,068635cfb0f49d72b199a57cbfedad8f618c56670e862f8c3323558ce89bba8f,949551609.37077475,3.5462
2025-10-06,01:35:35,in,6.00000000,kaspa:qpwzkfpf…prqp3l,,36c301a68456dc8ad898df80930ad32ff8121e72b860228fb00af14f7c074c01,949551615.37077475,3.5461
2025-10-06,05:32:10,in,0.20000000,kaspa:qypxrksx…wgunar,,9a15044e181ccac854bf87235ce52a919c2a33c3a0f6cbef53efddf611cc887a,949551615.57077467,3.5460
2025-10-06,14:49:54,in,0.10000000,kaspa:qqwakrnv…dad9jx +1,,eef6f3f6af8c7e90d1a947ab7a97dc3b332729bd9c9eb240727f2b949d5c7c44,949551615.67077470,3.5458
2025-10-06,17:54:38,in,0.10000000,kaspa:qr3tf2ns…eha005 +1,,ba5a971e97027c5f7515a481e02fbd9c5eb86c0c62888212f082f951c88771ac,949551615.77077472,3.5457
2025-10-17,12:26:15,in,1.00000000,kaspa:qypjjuhn…zwg8lx,,afa04e53361fbd04a23d8c3e49713ecf156c5c374022583804a40431f5832161,949551616.77077472,3.5407
2025-10-18,17:52:14,in,2.07000000,kaspa:qrelgny7…p3ap8m,Gate.io,ad5c56a754e064bfc6a72b5d408c81be3e6dd30e957567094d16a1faa7cfa16e,949551618.84077466,3.5401
2025-10-19,02:00:29,in,0.20000000,kaspa:qrdywn4c…y9rjsu,,6d2f267cda3d9ba92d8c56375637791080eb6b6dc5b9efced7577974f43d75dd,949551619.04077470,3.5399
2025-10-19,03:02:39,in,3.07000000,kaspa:qrelgny7…p3ap8m,Gate.io,3c9039d4038998c07d4bb10e34e8c627f18c173e8116fcdd2263f881b957b87d,949551622.11077476,3.5399
2025-10-19,12:28:31,in,4.00000000,kaspa:qq0dkd4z…3cpa7p,,7baacc0abc5886a433740f4e5db145fc4b42d84c3569f92d9485e6aaa7a6506e,949551626.11077476,3.5397
2025-10-19,19:28:29,in,0.66600000,kaspa:qz6r7nym…3my853 +1,,5a4da91c2b1ccff63871fb27afb0af6cf640e9738631bf7718c187b2d709e9f6,949551626.77677476,3.5396
2025-10-19,20:30:26,in,0.20000000,kaspa:qrdywn4c…y9rjsu,,7b83e95a4a2b445bb369f4f652ea33dd550d3a4e9589d33358b5e647d810921b,949551626.97677469,3.5396
2025-10-21,09:20:39,in,65058699.46548850,kaspa:qrelgny7…p3ap8m,Gate.io,b30c243e378f06a4e68c17b3888b758ab5cd85c95f878e127647034440cea1c1,1014610326.44226325,3.7813
2025-10-21,09:36:17,in,89250287.99857999,kaspa:qrelgny7…p3ap8m,Gate.io,e68bcdf677879ac67a73253cab7f4037759e992410c28572cb41b47c5fd6e12d,1103860614.44084311,4.1139
2025-10-22,00:41:19,in,2988870.11487870,kaspa:qrelgny7…p3ap8m,Gate.io,9461b252ce47ee07f31301b0c6b7237315330d627da1138acbea21b1e6ad2bf9,1106849484.55572200,4.1247
2025-10-22,08:26:01,in,0.41607286,kaspa:qqx8c7uj…2rh9ge,,ad58e12d86542890492d77f592628f1ff668db3750cbd9a2b4489fdec5758904,1106849484.97179484,4.1246
2025-10-22,08:27:23,in,0.74406250,kaspa:qzzx6fee…auxh8n,,937afb20f0ad84fd4608171444b85908feebb433b182b96e09704ad5a9b056c8,1106849485.71585727,4.1246
2025-10-22,08:28:03,in,0.26686000,kaspa:qr04nu50…x7enhy,,63df838adf68476f05f20c38ae731144dd049337de1ede54202bc4c5525eb20c,1106849485.98271728,4.1246
2025-10-23,19:23:07,in,0.20000000,kaspa:qpcm9vg4…6pt0lt,,dfa324db535d3648bebe434deab648381a26fa6cd65816169287b6e2f36750f1,1106849486.18271732,4.1238
2025-10-24,19:20:22,in,4.44444444,kaspa:qypn0psu…dmyayd,,a486c82630089d1ff3bef311f2e68d8b488bbf88bfe7e2da73e8b9335747adb0,1106849490.62716174,4.1232
2025-10-27,13:30:02,out,1454731.00003164,kaspa:qzje8wvp…5qymaw,,4052e27d6ff28f1f9cc2c8318c07f0792b9789e3968b244c555534055f2228cf,1105394759.62713003,4.1163
2025-10-27,14:20:21,in,20168608.69949970,kaspa:qrelgny7…p3ap8m,Gate.io,176a0b4f78f5939bef33bb33c9c4bdd92b03262ea1849f084816a227f14e75cd,1125563368.32662988,4.1914
2025-10-28,07:53:11,in,2349969.12808510,kaspa:qrelgny7…p3ap8m,Gate.io,2900323dc4ea6ca62f7de3dd8fe7214920b4f8b32fe6e479bc4d2cd3ff9efafc,1127913337.45471478,4.1997
2025-10-29,12:54:58,in,3323044.82333860,kaspa:qrelgny7…p3ap8m,Gate.io,a50cea3db7bb2fc1c191e1fea283a04d2d19bfa5cf2c8809c10e3599c8d60205,1131236382.27805352,4.2114
2025-10-29,21:23:06,in,1.00000000,kaspa:qpn0jsn6…tzsvtn,,145f23119b27fb7dcf484bc9a54e37141d81ed6b90ddd06a7e8db9b1e5b31d2f,1131236383.27805352,4.2112
2025-10-30,11:47:11,in,1624421.27340596,kaspa:qrelgny7…p3ap8m,Gate.io,0c80bee0a4490aa7c38207bbc9e46256f93de05dfb297baa51145b165c9bb0fe,1132860804.55145931,4.2169
2025-11-01,22:00:17,in,0.30000000,kaspa:qypjjuhn…zwg8lx,,62f03cdf7c57064902f730a2950e64801a9e8c3655d0087202af63ce33fd12a8,1132860804.85145950,4.2156
2025-11-02,00:10:09,in,1.00000000,kaspa:qrl9mjcx…jrg4vr,,46063455e054cd5a5bcc5f329688bc676de2592f87df82419d1fa180c4a7806f,1132860805.85145950,4.2155
2025-11-02,21:06:06,in,0.40000000,kaspa:qrl9mjcx…jrg4vr,,18fd160375c20de7181442494b73f58ea4bc76b4157d0af00efc28977dbf4c62,1132860806.25145936,4.2150
2025-11-02,21:40:52,in,0.40000000,kaspa:qrl9mjcx…jrg4vr,,38fc57f08a40337c4b8e5cc8a40fee1de904b635e64525c62025418e6721da8d,1132860806.65145946,4.2150
2025-11-03,21:16:22,in,0.99997964,kaspa:qzhkx4w4…ax9pqq,,7bd782414f4b20bcee429a79cbfb048aec316a4f40e61cdf9b55ad726694e068,1132860807.65143895,4.2145
2025-11-04,08:00:18,in,11848462.89751236,kaspa:qrelgny7…p3ap8m,Gate.io,a5ae5938dcc3f9799731d906be0e926633c03931ec954e1256e892a1e41b17f6,1144709270.54895139,4.2583
2025-11-05,07:59:39,in,8295472.42457720,kaspa:qrelgny7…p3ap8m,Gate.io,4df3ddb1652398cf0fa37994176f7e96e7e72d2783693f3d8923fe4046dd409d,1153004742.97352862,4.2886
2025-11-06,13:37:09,out,5714289.00003166,kaspa:qplr6lat…04pv5p,,ff2400f27f1b7bdce6e94545a09fe39594225f8f4c2460a8dfe091b8a6672821,1147290453.97349691,4.2667
2025-11-06,15:53:25,in,6246217.82942412,kaspa:qrelgny7…p3ap8m,Gate.io,3189191995d22f41736d855a277b7a90b8d9012211604d6a18ddf223ae17a9eb,1153536671.80292106,4.2899
2025-11-07,16:33:42,in,3322124.71844778,kaspa:qrelgny7…p3ap8m,Gate.io,bda1dc87bf8e879000eefc294865352fa124af57700857325bfdaec9c28a9935,1156858796.52136898,4.3017
2025-11-09,01:52:40,in,2.00000000,kaspa:qpw5g9vg…43hj0w,,b7f061b4c5bf6402460803f3ef2746c7b8db2c88c052263b1f5f98dd531795f6,1156858798.52136898,4.3010
2025-11-09,07:08:09,in,3338605.73285636,kaspa:qrelgny7…p3ap8m,Gate.io,fd6773c709b7e8f62e42480213370cb8825d4bc7f069e8a0ac17718bb2d9d572,1160197404.25422525,4.3132
2025-11-10,11:01:16,in,2911842.00887092,kaspa:qrelgny7…p3ap8m,Gate.io,b2e1b25ea489707a357671024b70c361c1a70b8e37514955e344b34b36ba2dfe,1163109246.26309609,4.3234
2025-11-11,13:04:25,in,2797951.55411979,kaspa:qrelgny7…p3ap8m,Gate.io,f68da0fc326a14a73d7f806205fe773b6f4d06f81f0eab3592b33a48e3e4e442,1165907197.81721592,4.3333
2025-11-12,20:30:36,in,2080052.87372624,kaspa:qrelgny7…p3ap8m,Gate.io,fd3ba0c78189c75f949567b7ff4d3e611c8f85453a9501acd2eec453fafa9306,1167987250.69094229,4.3403
2025-11-13,07:05:19,in,0.21009990,kaspa:qzr94sda…hpkk8z,,4db4f5752fdb0f7a1c98fd645328683dfb88c2ecf6551cd052ea3d52fa8378a6,1167987250.90104198,4.3400
2025-11-15,08:38:09,in,2727590.39827911,kaspa:qrelgny7…p3ap8m,Gate.io,ae1257e3563d4b3137610c648138152ea639e5c059c053e69298213bc9eb4995,1170714841.29932117,4.3491
2025-11-16,13:21:44,in,1805142.66716776,kaspa:qrelgny7…p3ap8m,Gate.io,46c7c074d6d0e5361ca8cb7f4f33d35840a8276c0f10ebc106b83a01dadf6617,1172519983.96648884,4.3551
2025-11-17,21:52:38,in,2896985.72057024,kaspa:qrelgny7…p3ap8m,Gate.io,80c417e45ded959cb6752df1f1a4d6ad9ecac7f1164b51e72c3b8f9f332e99f5,1175416969.68705916,4.3651
2025-11-18,13:30:40,in,2304594.50924040,kaspa:qrelgny7…p3ap8m,Gate.io,a8480710c5e7ab3e8b6f10bc3b82b084e4a53c8ed35efe8ac3d9dbfd909b04ff,1177721564.19629955,4.3733
2025-11-20,08:43:38,in,3140510.23100538,kaspa:qrelgny7…p3ap8m,Gate.io,53e3eba465f2397a8e774ebaa78b64331f9f83eb37f624e339c1771b7d44b60c,1180862074.42730498,4.3840
2025-11-22,12:00:43,in,7585719.06409881,kaspa:qrelgny7…p3ap8m,Gate.io,4486e91f59552eeda7d8c9ae8a415f64e26d2f6b584a508ec653fd8cb008a46c,1188447793.49140382,4.4110
2025-11-23,04:57:45,in,7.00000000,kaspa:qzn6s7l4…0had3s,,b28e0b3c7fb0135277518adf0a63d3d6b9b10fe9ea6bed2b0053043f1af187c8,1188447800.49140382,4.4106
2025-11-23,09:02:38,in,2578820.93447882,kaspa:qrelgny7…p3ap8m,Gate.io,70a6e1b07b4f21168359b77fef00cb797c47f955a921820426308c3bb8898abc,1191026621.42588258,4.4201
2025-11-25,17:54:40,in,1.00000000,kaspa:qpfhd988…esg0h7,,7d807bcc342179a5e6a3f6fa72e70817ed27a6a313e1fba598bf87d53842e703,1191026622.42588258,4.4188
2025-11-25,19:55:55,in,1.00000000,kaspa:qzqdzjtc…cpx9tp,,03ec4ad707f03708abddbc80410c592061c3934d2d83da4899d02db09441b9c5,1191026623.42588258,4.4187
2025-11-26,18:53:37,in,10460669.79987648,kaspa:qrelgny7…p3ap8m,Gate.io,a6646ea5307aa03fe7ca579cd1683baf96f95ea598932168c55cf9ad643fd923,1201487293.22575903,4.4570
2025-11-28,11:33:21,in,1.00000000,kaspa:qqnu0f0h…attx8j,,16403ab40c41b966f66ea12ce93b5e43e6252994d8fea8e59fcd384f42df2abd,1201487294.22575903,4.4561
2025-12-02,16:30:57,in,33312573.49832400,kaspa:qrvum29v…c3tges,Bybit,b868daa6c2e4afac30d9239d1953f12c4936b86ca249a9c80f12b4739032387a,1234799867.72408319,4.5772
2025-12-03,05:52:54,in,1.00000000,kaspa:qp273q5x…28caja +1,,290a631a4b2f7eb40477a01da0d7cc071e9e49ef86dc7bea49fccbc9636b7830,1234799868.72408319,4.5769
2025-12-05,02:43:46,in,1.00000000,kaspa:qq0e0uu5…u3rt4x,,d7430a7366dad393747e9af2d1a1e9348ba4e131a725ce8243ff6f5369ad2a85,1234799869.72408319,4.5758
2025-12-09,11:38:39,in,20316717.83611073,kaspa:qrelgny7…p3ap8m,Gate.io,88c0c4cd7c09cc84a07a969567b5231654a15bbc8b380fdb1358c6f742dc2fe9,1255116587.56019378,4.6487
2025-12-15,22:16:15,in,0.22800000,kaspa:qr4h762m…evyreg,,a259d366c12a51cfae0f392eba7173f225d0cedaa3fd3fae5abb3583d9da5b2e,1255116587.78819370,4.6452
2025-12-24,10:05:45,out,1384901.00003168,kaspa:qrdxt5uf…0updzy,,f0e00d6133a6cc8c3f9a84b682e0b14d9636dff43741263e56a5952fe4a8e35d,1253731686.78816223,4.6355
2025-12-26,21:59:18,in,0.20000000,kaspa:qr2nc8y8…c55dyf,,b4f6e7076ddb32b413736693f272bc9590b617868553be8be952440fc0141626,1253731686.98816204,4.6341
2025-12-28,13:52:57,in,2.00000000,kaspa:qzlrs3ss…t6hxed,,b555ed7bc01d176fdfdde0a898094e14c1dd76d1dd35feb38ce4c83b9d6a1579,1253731688.98816204,4.6332
2026-01-07,16:33:08,out,120.80003168,kaspa:qrl6dvnd…4dl80k,,ec5ca82af0f2a64fb7a5fd469fc0dfaf7ec38bf5d2281cf105a9fec2de970fd3,1253731568.18813038,4.6278
2026-01-08,01:04:50,in,1798681.33109600,kaspa:qrvum29v…c3tges,Bybit,cfa709e8c26091da8ffe7a2d0750a1bd05abe1426a054898616c10c4af49d0d7,1255530249.51922655,4.6343
2026-01-08,12:59:05,in,5000000.00000000,kaspa:qr9fqcxp…h7lrw0,Kraken,f20661d7a96f97feaaa9938f75566322922fd9f50f9cff4a16692f591de7716f,1260530249.51922655,4.6525
2026-01-08,13:02:24,in,5000000.00000000,kaspa:qr9fqcxp…h7lrw0,Kraken,ee6f17a798f599c8aa90858e4b77e0a1c2577a9e2cc028411e2da609a4c907b5,1265530249.51922655,4.6710
2026-01-08,13:03:42,in,4000000.00000000,kaspa:qr9fqcxp…h7lrw0,Kraken,a3427768bd75edd2acaef8f018b7233c56bd8523a9701b7bf9dc9a6971ee4376,1269530249.51922655,4.6857
2026-01-12,01:51:05,in,754836.34817200,kaspa:qrvum29v…c3tges,Bybit,5b35fef05611251db6a8f4b9883e30440393853ef11ba0815e01cdc5d89f29c7,1270285085.86739850,4.6867
2026-01-12,23:23:00,in,6755507.01018519,kaspa:qzxs23g7…ca8r67 +3,Bitvavo,b4564fb4b80726176953f6e74b212d9e9c7d0fca320fbd7b20ec4c69cdeecc76,1277040592.87758374,4.7111
2026-01-13,00:52:46,in,32125589.45411000,kaspa:qqywx2ws…wqgd6j,Bitget,11f6b32d6dc5670bcc2d39a898247ceb84981f00f0887997047d91b71ef9c308,1309166182.33169365,4.8296
2026-01-15,13:37:21,in,1.33700000,kaspa:qrndej47…jpepxy,,c29a7e21150dfbfb9268ab66891055f17f052bbaa4a2c6be32baab8f34a10867,1309166183.66869354,4.8283
2026-01-15,13:38:34,in,0.13370000,kaspa:qrndej47…jpepxy,,14f5bf646d7b6360dbf2df90e0ded8e7b0a49a695a36a8d86abdacd4bc83b203,1309166183.80239367,4.8283
2026-01-15,14:57:25,in,3.00000000,kaspa:qypu7h0s…4qvad4,,9ff933788ca252cb264ebb7de76fa9bad6911f5e74bce85901ecef456badf1e5,1309166186.80239367,4.8282
2026-01-17,00:53:57,in,0.11072021,kaspa:qp3du7wr…2xj647,,137647047e904cea1e045779a2ba0e35886c7d48d04ae32d1c5db1dfc6ab8b89,1309166186.91311383,4.8275
2026-01-17,01:40:29,in,0.69420000,kaspa:qr797f6q…lk7arm,,260be5fcb20f0fb607648e88acd9c5d6b59c445d39f990953a4545f3895f88bd,1309166187.60731387,4.8275
2026-01-17,22:07:15,in,0.12345678,kaspa:qrxaff96…tjvw3z +1,,69bf2cec043f0e3ef14c3263aa1af3ea1a0a179a86e6da76eb0c7d66105743e9,1309166187.73077059,4.8270
2026-01-18,01:40:56,in,4777934.06372086,kaspa:qrelgny7…p3ap8m,Gate.io,48766f0f03ad97842fa90e80585e897cb42a45548d48d14c78be5071cec6e1b3,1313944121.79449153,4.8446
2026-01-18,04:54:49,in,0.11110000,kaspa:qrv56qnz…han3rm,,6098bf6908b6b9d33912a9a5450aa0895bfd1e5d91392031eb2761d966072600,1313944121.90559149,4.8445
2026-01-18,05:01:40,in,0.22220000,kaspa:qrv56qnz…han3rm,,adc3c6140da6447464e0e7b3f371860bdf5ddf34785fbef4462bd9060f788474,1313944122.12779140,4.8445
2026-01-18,05:01:54,in,0.33330000,kaspa:qrv56qnz…han3rm,,6fdc65a0c73a1062ea9835ca01cde14701038b6c93e04a0c1d49e835edaa6652,1313944122.46109152,4.8445
2026-01-18,23:38:31,in,764534.14623200,kaspa:qrvum29v…c3tges,Bybit,b51b762529d5f30910eb1c9c225e7c6dd19d7aea1519232a81f0d46147a2f431,1314708656.60732341,4.8469
2026-01-18,23:41:04,in,2985316.26320000,kaspa:qqywx2ws…wqgd6j,Bitget,a4a2215ab32542fd78da690ac85d91e6e811dbe8cc6b889c10e5cb3e22522656,1317693972.87052345,4.8579
2026-01-20,14:33:34,in,2619051.36160000,kaspa:qqywx2ws…wqgd6j,Bitget,56c0a993e482cce8ddf06eb9b828908792004001ca096fb9080d28495efad09f,1320313024.23212337,4.8667
2026-01-21,12:49:49,out,3396168.00003168,kaspa:qzje8wvp…5qymaw,,67349f7e979a39b8928c7041c475f18d7f0944d53bd59301b337a875b41a2464,1316916856.23209190,4.8537
2026-01-25,23:45:34,in,2332154.70360000,kaspa:qqywx2ws…wqgd6j,Bitget,ce4e6c8af9bfb93db339be67574b47d154b74d57d75a8525700fa6206a08a598,1319249010.93569183,4.8599
2026-01-29,17:54:41,in,69.00000000,kaspa:qrwlkl4f…emu5pq,,4a3270334784150209022e55df3c824a146ce5b15aad3be3fb813add230f5ff4,1319249079.93569183,4.8579
2026-01-30,13:01:44,out,2680399.00003169,kaspa:qzje8wvp…5qymaw,,4a8300c997da31bf72d7d3bd2170a72e006b7c90372cd8939202ed1cd8269a64,1316568680.93566012,4.8476
2026-02-02,00:14:34,in,11747334.14040000,kaspa:qqywx2ws…wqgd6j,Bitget,ebe472d55c5f9ab37534d64b7af265d8db4e555839b6d94aa7fdba0a8e330f74,1328316015.07606006,4.8895
2026-02-02,12:51:29,out,4082620.00003168,kaspa:qzje8wvp…5qymaw,,39fb73b0b702e98357ff584afc1e3567456c81e6409ce180c05fc1e55576a62a,1324233395.07602835,4.8742
2026-02-05,13:13:29,out,1119619.00003169,kaspa:qrdxt5uf…0updzy,,9d55257f334e29e1d4ee66b3df196ace0dbc99fdcba2c817482845dabb9190d0,1323113776.07599664,4.8685
2026-02-09,01:50:34,in,19194288.15840000,kaspa:qqywx2ws…wqgd6j,Bitget,c1a1cc761213ac7bc58add014a3ad38b9372484996e75f55bf014630e788a64b,1342308064.23439670,4.9373
2026-02-15,23:53:35,in,4324271.93520361,kaspa:qrelgny7…p3ap8m,Gate.io,933b00ad921c56da8b7b559cc779a335df6a4a10d10bc2c6c5384000aefd3bed,1346632336.16960025,4.9497
2026-02-18,18:07:05,in,1.00000000,kaspa:qztyypu7…na2q58,,278a13865c298ad48165585c1d7ccc4b21135191b9dfd3f21d396796e8941f81,1346632337.16960025,4.9482
2026-02-20,13:20:27,in,0.69696969,kaspa:qrd9qhwl…y3j8d2,,d3b6bbcb614d804bd4fa72f2067a8fa58ba198dfd6a518deec0c08dc0cb9a7f7,1346632337.86657000,4.9473
2026-02-20,15:19:42,in,11.01191601,kaspa:qrd9qhwl…y3j8d2,,6c62c21ee65834388709ba65ac43b85a7145bac4ba56b3e1367ed1f4dc3352ea,1346632348.87848616,4.9473
2026-02-20,15:23:09,in,0.23091212,kaspa:qrd9qhwl…y3j8d2,,b2bd34dc05e0d0e56f6108934fa99b58d5cac8a16ef3944ba0a266bb870bce4a,1346632349.10939813,4.9473
2026-02-20,15:23:37,in,0.23091400,kaspa:qrd9qhwl…y3j8d2,,d373dbe8d2af7964f49e9430505b63ccfda4adac88b53f0d35501e0c8451e073,1346632349.34031224,4.9473
2026-02-20,15:27:33,in,0.69696969,kaspa:qrd9qhwl…y3j8d2,,2ebed960c6f52837ca5c6a5216c85acd61e7002dbe58fe07d4c6fc72e9687ba6,1346632350.03728175,4.9473
2026-02-21,14:03:33,in,1.00000000,kaspa:qpd68zp7…e3gfpu,,bc67416b02ae9bb39369f0582d3f8c787bd11b03a96433ce65912e564e92fac5,1346632351.03728175,4.9468
2026-02-23,01:04:46,in,5048155.54875000,kaspa:qqywx2ws…wqgd6j,Bitget,2399a308e49f814a7abf04c61b6b0965b9e90e751d088671dce89f47850b4a4b,1351680506.58603191,4.9646
2026-02-23,01:05:58,in,9181157.40717349,kaspa:qzxs23g7…ca8r67 +1,Bitvavo,2ec06fa1f698bcd7aebeb043f457535920b11326e398029e3cc0e3a524065f13,1360861663.99320531,4.9983
2026-02-26,14:10:00,in,1.00000000,kaspa:qpr2aqzv…tsvq5c,,7d23a8bf990f7af2f3564a8dbd0f070a720d8d2b511ea3edd6a801c1c1ce8a73,1360861664.99320531,4.9965
2026-02-27,01:04:42,in,6070879.90396200,kaspa:qrvum29v…c3tges,Bybit,cf6da2bdc87df3d613f54d200454ff3f360a823305a5bd12a95115a14d52cf68,1366932544.89716744,5.0185
2026-02-27,07:42:15,in,5072762.73508329,kaspa:qrelgny7…p3ap8m,Gate.io,ecf7699ee25264bcf1265410096a2ee6e128e084ff4bb82cbf55f80797612d2a,1372005307.63225055,5.0370
2026-02-27,08:58:12,in,0.20001000,kaspa:qr4nw9v5…px3tal,,aee15070655fb622b6cd59fc060b2a136688ad535e9579485325a45f0bb14647,1372005307.83226061,5.0370
2026-03-05,07:22:35,in,1.00000000,kaspa:qqftm232…nrptrf,,6b2fc21608f05a3bb3d3dbaa1e77bbb43270c6999dadcdd83d332b441e1418aa,1372005308.83226061,5.0339
2026-03-06,12:14:10,in,1.00000000,kaspa:qqfj8h5j…gecjzu,,fb512cbf66bcfdd3f9bba50b5730352518fdbf2f12948085aa54fe09d1e41fae,1372005309.83226061,5.0332
2026-03-07,11:49:36,in,9509052.43462557,kaspa:qrelgny7…p3ap8m,Gate.io,22cdac9cf4ff7eb223e849fa52e0b3b78e17de0dae5098af8ebd7cb294f1a13b,1381514362.26688623,5.0676
2026-03-07,12:51:21,in,3051471.70589600,kaspa:qrvum29v…c3tges,Bybit,b71234686b2e69576b3315046384554a2b35f14844f2d88f499f0596eb14f780,1384565833.97278214,5.0788
2026-03-11,13:01:52,in,1158514.23949000,kaspa:qphfy7yf…jg6gle,Kraken,b0fa8ec5ea727362709c96a00c16a2e4aa8842bfa4c6f26f38579ba36eb4ae52,1385724348.21227217,5.0811
2026-03-16,05:13:10,in,5110117.96134756,kaspa:qrelgny7…p3ap8m,Gate.io,d47cea16347ddacbb625d17a53b25182bc99f1338553031abb2070f3f5c71107,1390834466.17361975,5.0975
2026-03-16,05:16:04,in,7861888.50835000,kaspa:qqywx2ws…wqgd6j,Bitget,d3b8faab878fe2f46a5ffaa31b5422355e49ae8b5b0434caa25d85c1a42a2c79,1398696354.68196988,5.1263
2026-03-19,12:47:53,out,3100141.65003168,kaspa:qzje8wvp…5qymaw,,45518a5eeebd8c99dc9936c2c384c2494edf9e1e9000c79adb1121a19dddac33,1395596213.03193808,5.1133
2026-03-26,15:30:56,in,1.00000000,kaspa:qypjjuhn…zwg8lx,,3841ff14b9cc2e73ed1ba0576b382631f74b4b287f1abd83229532795f9d7088,1395596214.03193808,5.1097
2026-03-28,17:14:55,in,0.77700000,kaspa:qpvccf9q…h5r3kd,,41df6f6cb1ecf2936112e805e31c84abed809a0b1a85d62859172a3e052c7f67,1395596214.80893803,5.1087
2026-04-12,23:26:16,in,12196708.93443800,kaspa:qrvum29v…c3tges,Bybit,648b3c65a2b195866773eb17860c9635c1e67f28f513483ce796f4783efc152e,1407792923.74337602,5.1459
2026-04-17,05:41:08,in,1910824.28029600,kaspa:qrvum29v…c3tges,Bybit,97001abb1e9e88409d2c3c115e4201ad714a5bc3b10783fb4e1c5695cb443f5b,1409703748.02367210,5.1508
2026-04-18,05:58:48,in,1.00000000,kaspa:qph7svu2…9tczdc +1,,56cacae36b51aae311d288bec4c651bbc879501837483cff1da54b0379c52a36,1409703749.02367210,5.1504
2026-04-19,17:53:29,in,10.00000000,kaspa:qqpmhgq3…vvjend,,0b468d0be032cffb988f13e849ed13bae38f5c94f3b4a37eafddf4e224181e5d,1409703759.02367210,5.1497
2026-04-29,12:12:20,in,1.00000000,kaspa:qzjq37s4…cheuaf,,d5294ad3c670698dc9f73907550b5bd5215b5d96a15d12e3cce5870e4dde20ee,1409703760.02367210,5.1450
2026-04-29,12:12:56,in,2.00000000,kaspa:qqgzeynp…see86m,,ccf15c53761c1072fd20397833ddbb31925a92c92833baa839eaba42d93acb7d,1409703762.02367210,5.1450
2026-04-29,12:13:13,in,3.00000000,kaspa:qrmjj8hu…5dalv2,,b8ea5ce47130e5d4465063cb11f93b6e8a4b4845b8639e312d0babd80545c67e,1409703765.02367210,5.1450
2026-05-07,11:20:50,out,4937995.00000000,kaspa:qpmhmvvk…0k0z27 +1,,8671ec587a90113773fa279d33089c9349f17bb56ad8ce2f73351eedaf4c0385,1404765770.02367210,5.1233
2026-05-17,19:30:10,in,1.00000000,kaspa:qqpzpn5e…lgzkfk,,dc7457bacc23c0e0e53cbcd56936861e26793619ad7be81805ba7588b004e740,1404765771.02367210,5.1187
2026-05-17,19:36:57,in,1.00000000,kaspa:qqpzpn5e…lgzkfk,,f65b7304cff17d8ea942a2298bdeed3a83bbbc451bf90f5787210c830d4805e5,1404765772.02367210,5.1187
2026-05-17,19:39:09,in,1.00000000,kaspa:qqpzpn5e…lgzkfk,,9307215d7624f66c3eecf7e0af68a2815a705843b8067a2ea8620c0713635b9d,1404765773.02367210,5.1187
2026-05-17,20:46:33,in,1.00000000,kaspa:qqpzpn5e…lgzkfk,,7d6981336b83de8754e8bbe6f3ae59de5d00a01bc580382c085685cb402ec6a0,1404765774.02367210,5.1187
2026-05-17,20:51:55,in,1.00000000,kaspa:qqpzpn5e…lgzkfk,,7cf570da4ee164d430f9b75678bcba2353300b9676a32245954c92361822506f,1404765775.02367210,5.1187
2026-05-17,20:52:38,in,0.10000000,kaspa:qqpzpn5e…lgzkfk,,84dfb31ab340b5f115e2e6ef1e324e31a72f102d6bc7e1c99320599c0883dbee,1404765775.12367201,5.1187
2026-05-17,20:54:08,in,1.00000000,kaspa:qqpzpn5e…lgzkfk,,9e0f728cd997b982d352100e8da3092fd53b9b5c5d20d9c4696ec56e88db02f1,1404765776.12367201,5.1187
2026-05-17,20:59:12,in,1.00000000,kaspa:qqpzpn5e…lgzkfk,,da290206be84466db6bc70dabdc7745c8a136730be264f568a207f2c9841b06c,1404765777.12367201,5.1187
2026-05-17,21:00:46,in,2.00000000,kaspa:qqpzpn5e…lgzkfk,,18d16c45590fbac6cb74ca59903ef05f8ee984c7e06f8c2391933be66d7eb36e,1404765779.12367201,5.1187
2026-05-18,00:06:13,in,0.10000000,kaspa:qqpzpn5e…lgzkfk,,73d1a14027cd78672374309ac085c2ece3459af7cf4c2905519f99a62fae5b3c,1404765779.22367215,5.1186
2026-05-18,00:06:42,in,0.20000000,kaspa:qqpzpn5e…lgzkfk,,38540f784d8307b3230c4f50c48c4c5460a5b2560cebf40658508cdf3cf354cd,1404765779.42367220,5.1186
2026-05-18,00:16:57,in,1.00000000,kaspa:qqpzpn5e…lgzkfk,,11a31d1e48c7fedb0bf7a8e498621a5089d1d3cbc20ee8314c081431a928545d,1404765780.42367220,5.1186
2026-05-18,00:45:33,in,0.10000000,kaspa:qqpzpn5e…lgzkfk,,67076b22e7a9098948667bbdd9eacf3f712502b0fac3bf4b0bc46f6f8de668f7,1404765780.52367210,5.1186
2026-05-18,00:46:36,in,1.00000000,kaspa:qqpzpn5e…lgzkfk,,b5fea45b1ed7d0d169335270e42ec5f3ce3be4b1f45ea221464eeb5352373f69,1404765781.52367210,5.1186
2026-05-18,00:47:28,in,0.50000000,kaspa:qqpzpn5e…lgzkfk,,3377e69dd1648885e3cc82c40484e7ff03a0e0e509ccda978bb9c0f916c85431,1404765782.02367210,5.1186
2026-05-18,00:57:06,in,1.00000000,kaspa:qqpzpn5e…lgzkfk,,42d2777ef2a7b638dd936895acec0886f2041c8987ef6894b82665a8ee43bc77,1404765783.02367210,5.1186
2026-05-18,01:20:48,in,0.20000000,kaspa:qqpzpn5e…lgzkfk,,cebe0f68546550c0aea3883eb8b330a4e4a2f2b0296131b57cf4758c47a43e32,1404765783.22367215,5.1186
2026-05-18,01:24:16,in,0.50000000,kaspa:qqpzpn5e…lgzkfk,,ef9739e7512ac67baa78a7ae486facf2cfcb87b4a82893138af824c8b94729cb,1404765783.72367215,5.1186
2026-05-18,01:25:30,in,1.00000000,kaspa:qqpzpn5e…lgzkfk,,62039dabd8f8dcacc44cc977193121229732ca7f0b9ab1d61c9c88f542405b2c,1404765784.72367215,5.1186
2026-05-18,01:26:11,in,0.50000000,kaspa:qqpzpn5e…lgzkfk,,86288e72e79a001e5fb0f07db0ed2c140bf1a33eee82973c61b4b015b4acf0c1,1404765785.22367215,5.1186
2026-05-18,01:38:50,in,1.00000000,kaspa:qqpzpn5e…lgzkfk,,8475a9bcfd8f6817695f51e1d0e505996b8247e86218f5ae22b05f3cdee73755,1404765786.22367215,5.1186
2026-05-18,03:17:12,in,1.00000000,kaspa:qz99z3jw…radly3,,d3541b0a02bde540ee2f831c8c26fed53771759c33e74841c1f7b72e00739ad9,1404765787.22367215,5.1186
2026-05-18,21:34:18,in,2.00000000,kaspa:qzlrs3ss…t6hxed,,8f72b0670d989343b48df83162dcbb31e3ec2a57832fb0a41850fcd08ebba2d8,1404765789.22367215,5.1182
2026-05-18,21:43:46,in,1.00000000,kaspa:qzxf598n…c76cx7,,a9f5dc848e4fd8ce7c1a124d06d7618fe385720fb215f76313a61571b8140af5,1404765790.22367215,5.1182
2026-05-18,21:44:22,in,1.00000000,kaspa:qzxf598n…c76cx7,,a640ac206af44b6cf8d6de27ba8c950ae1eb68c5fbf94bba49090a15ab614ea4,1404765791.22367215,5.1182
2026-05-18,21:57:34,in,1.00000000,kaspa:qzxf598n…c76cx7,,189769be3bf2e5a3610a9c01509dd61fcde2537a282ee50ce7da07ff1f0ec0d3,1404765792.22367215,5.1182
2026-05-18,21:57:49,in,1.00000000,kaspa:qzxf598n…c76cx7,,9eff186eb4fa1f6a2bab4726ae3be95715079b3cdd19791d4e6d07a089287ae0,1404765793.22367215,5.1182
2026-05-18,21:58:01,in,1.00000000,kaspa:qzxf598n…c76cx7,,c600cc5a17647499d23ae1cdd5af5ef5160544ff566abfb9d858b2f4d2ae50e4,1404765794.22367215,5.1182
2026-05-21,12:03:06,in,1.00000000,kaspa:qqpzpn5e…lgzkfk,,4eb2bd0ecfd37cf5056153ed7d6b34b15a17e67467cc2c31000da0370173d91d,1404765795.22367215,5.1171
2026-05-25,12:10:56,in,1.00000000,kaspa:qrjsmarp…fs2nzl,,6b1e15352868e0ada9b7d93281271169d8fa29d7f6df7855139a31fdae2e5015,1404765796.22367215,5.1153
2026-05-25,12:13:41,in,1.00000000,kaspa:qrjsmarp…fs2nzl,,84c60cee618c76d1bbf527f8c1feba3c110913930ebcd93a1030a27e8e52963a,1404765797.22367215,5.1153
2026-05-25,12:13:56,in,1.00000000,kaspa:qrjsmarp…fs2nzl,,656879fe39c0c72ad5664a0c5fec0defa89c8ded071e8cad411892bd221e964b,1404765798.22367215,5.1153
2026-05-25,12:14:07,in,1.00000000,kaspa:qrjsmarp…fs2nzl,,2bb4bfec89f629015d65afaf5ad06b3d36996274e6db710d4022829fc8e3ba6e,1404765799.22367215,5.1153
2026-05-25,12:14:19,in,1.00000000,kaspa:qrjsmarp…fs2nzl,,e0997eb0dafd593bb7839b83c9dde9bece5ad2409117e44c71802b752b0fb31f,1404765800.22367215,5.1153
2026-05-25,15:45:19,in,1.01001000,kaspa:qz4uw2pz…9rrjg9,,fb026fd3aa316ce956923b0f707b784da70c6dd06a68fcead2cd77f83fea55db,1404765801.23368216,5.1152
2026-05-27,02:08:45,in,29.51324295,kaspa:qpqzqph8…jvznvd,,868944d7cb4bf2990681c3400d2da1a14d658eebcd32df1594475e6cf577b776,1404765830.74692512,5.1146
2026-05-29,12:36:29,in,1.00000000,kaspa:qrsnquuu…k987qe,,e43b1e19d0533031e015bd4211010e2079677afe4e7114113f7f74b394b5ec47,1404765831.74692512,5.1135
2026-06-03,00:57:50,in,5413769.71507000,kaspa:qrvum29v…c3tges,Bybit,9afdf0dd3f09b6a538002ba460e77f28a76f8584d233df9ede19205059b8eb75,1410179601.46199512,5.1312
2026-06-03,09:46:27,in,1.00000000,kaspa:qz328rl6…8cq094,,ee70c5dcba84e1b363fc81b8fc4c5090e8c201b303be7d4d636923956c7aeb4c,1410179602.46199512,5.1311
2026-06-03,09:46:58,in,1.00000000,kaspa:qz328rl6…8cq094,,277fdd3c211aed0722851ad58bb146f0bc5119c6de82e6e12ae361de09948e4f,1410179603.46199512,5.1311
2026-06-03,09:47:16,in,1.00000000,kaspa:qz328rl6…8cq094,,32ff707675ee08763cbb9feb82ddbc3bbde361c5d0765fc85b129e59fd705bd4,1410179604.46199512,5.1311
2026-06-03,09:49:54,in,1.00000000,kaspa:qpzr0yck…m24km4,,804f434e1b5989035d70a616244ef8f1401b4601835464f53ce43d8665381c34,1410179605.46199512,5.1311
2026-06-03,11:23:40,in,1.00000000,kaspa:qypa9fgs…kw8gfh,,d4a37a1e9eb050818e67ff578f691b0a10ac34089450e04fcfe4ddd2c95ea3b1,1410179606.46199512,5.1310
2026-06-04,00:40:01,in,1.00000000,kaspa:qqpzpn5e…lgzkfk,,e9c18361eff6e271dbe16c55441d786afdd9b7876e43af5cee19a314fe7257b3,1410179607.46199512,5.1308
2026-06-04,01:39:22,in,1.00000000,kaspa:qqpzpn5e…lgzkfk,,9f926b2e896f6d5183030fcb875bc2d73c538a8701df442da28e53bc6a670055,1410179608.46199512,5.1308
2026-06-04,02:39:29,in,1.00000000,kaspa:qqpzpn5e…lgzkfk,,2da83c4614f5d417dcd30bba3230f4cd868edce15a5852ae03295406c4a9ca3c,1410179609.46199512,5.1308
2026-06-04,04:24:06,in,1.00000000,kaspa:qqpzpn5e…lgzkfk,,51742a307b198098a0034af4644ffc03706036911619a8ab8c43993a3ad1bb0c,1410179610.46199512,5.1307
2026-06-04,04:34:56,in,1.00000000,kaspa:qqpzpn5e…lgzkfk,,0cf6a4782f213d52fde7b669f4a2825e66f1db2d30623b11a94993a316e51046,1410179611.46199512,5.1307
2026-06-04,09:57:08,in,0.11000000,kaspa:qpp4ddyz…qm8xxs,,609328b50f0131fbc3894075c93599102d8a956e6de60198541e1df6e11f2aee,1410179611.57199502,5.1306
2026-06-04,09:59:02,in,0.11000000,kaspa:qpp4ddyz…qm8xxs,,a7d14c24b335e1e38257b484b711e1f1e0aa449e5286a2c1aef4791d18cfd690,1410179611.68199515,5.1306
2026-06-04,10:00:13,in,0.11000000,kaspa:qpp4ddyz…qm8xxs,,281d06872013036bf627bd946dfeef83a6c7173e5affd992d28df9bb04a68d2f,1410179611.79199505,5.1306
2026-06-04,10:02:09,in,0.11000000,kaspa:qpp4ddyz…qm8xxs,,e514ca203ce89dcf48ccb70cc88d87f0f42dd17b1af1c4f9387bbc6e6b199c46,1410179611.90199494,5.1306
2026-06-04,15:23:00,in,100.00000000,kaspa:qpdgx7r3…gy457e,,16414c7081e49b00a062061c101d364db446906758b643d8fa651e0a09eb3915,1410179711.90199494,5.1305
2026-06-05,01:28:37,in,0.11000000,kaspa:qpp4ddyz…qm8xxs,,af5c0b3a035fc0592533f6a8bbd08bf83edc0a8ad2f12b40a667e0cdd632f42a,1410179712.01199508,5.1303
2026-06-05,01:29:12,in,0.11000000,kaspa:qpp4ddyz…qm8xxs,,81e1565efe288ab255f26bcf91c8d19ec5e0f5524a5feff5329d51c23a3a5799,1410179712.12199497,5.1303
2026-06-05,01:29:38,in,0.11000000,kaspa:qpp4ddyz…qm8xxs,,da656865613285542a8d2dc7dd13e2e05450ed9f0f76bc6244606317cade6b58,1410179712.23199511,5.1303
2026-06-05,01:30:02,in,0.11000000,kaspa:qpp4ddyz…qm8xxs,,b6dd9f81c52824dcc77b1ad45ee5a491222f8e29be29713d5bff67a1a085ec43,1410179712.34199500,5.1303
2026-06-05,15:23:47,in,5.50000000,kaspa:qzcwdava…jzd0yz,,6bfa3b4d49eeb3e8ce8b0d7ba651c65ecd7d6fbe81a76879efd56b679c8af815,1410179717.84199500,5.1301
2026-06-06,13:07:05,in,3600095.37373900,kaspa:qrvum29v…c3tges,Bybit,4e83603b520f48dcc42f4103ecda30c408a46cc7934fe22b1f07293599f22fa1,1413779813.21573400,5.1428
2026-06-10,20:16:43,in,1.00000000,kaspa:qzkwk5d9…97kykg,,109677d42bcd16f6642c6f3306bd6d12d19fada136a5a8d88917921b44fbf15b,1413779814.21573400,5.1410
2026-06-15,11:39:15,in,27999998.33000000,kaspa:qrelgny7…p3ap8m,Gate.io,49182fbf8da73d48460e471bbd55d5b06db2c56cd9a56800f02cfc19b3527c75,1441779812.54573417,5.2408
2026-06-15,11:46:47,in,13999995.00000000,kaspa:qqywx2ws…wqgd6j,Bitget,5efe92638b4bfa8cff53b4137d918d058f92d332f1d29fda4efb68b195b87f58,1455779807.54573417,5.2917
2026-06-15,13:08:11,in,1.00000000,kaspa:qype4wxs…23fl6y,,dc0a2756b1cdac27aecd47f67519c72324a67bce422139a04a812352fac982cc,1455779808.54573417,5.2917
2026-06-18,12:27:54,out,2079727.00003168,kaspa:qrdxt5uf…0updzy,,2ed0acf4676a4eca8abf491678fe8ab6095db6f59fa095cdf457ca91f4234c7d,1453700081.54570246,5.2829
2026-06-19,00:09:43,in,1726239.81623600,kaspa:qrvum29v…c3tges,Bybit,2d62d715492e9b100cb2004e16873741401128e45a6837e84c18134846dcd844,1455426321.36193848,5.2889
2026-06-19,18:41:41,in,1.00000000,kaspa:qype4wxs…23fl6y,,798e55881c2462e0d0a1d4064024025691c6edb778fa92a14bd3d8b5c7c9684d,1455426322.36193848,5.2886
2026-06-19,18:42:32,in,2.00000000,kaspa:qype4wxs…23fl6y,,6e86576a1caa1cd20efa5fa3f61fd5598f2b65cad59cf9f74928b9d41d697561,1455426324.36193848,5.2886
2026-06-19,18:42:58,in,3.00000000,kaspa:qype4wxs…23fl6y,,a01e626bc2ee1618a38fb50771db290f552474908720aede50938381e53c9d41,1455426327.36193848,5.2886
2026-06-20,23:38:09,in,2219941.49551200,kaspa:qrvum29v…c3tges,Bybit,22b1e8225efa68ed3bef1b556e562f906c20c35b519703c2cd15d911bf4f53c0,1457646268.85745049,5.2961
2026-06-22,04:08:44,in,1.00000000,kaspa:qqpzpn5e…lgzkfk,,a62b4e41d1184c5c41275ea28d5c8fcc88c64464cf28b0046e69c4cd74366e8e,1457646269.85745049,5.2956
2026-06-22,04:11:10,in,1.00000000,kaspa:qqpzpn5e…lgzkfk,,6bcbabd252b76c47435f1725612fa770a60233bcb14aa8eafe696aaed90b5be0,1457646270.85745049,5.2956
2026-06-22,04:22:17,in,1.00000000,kaspa:qqpzpn5e…lgzkfk,,4378771f2535b74155bfbbcc03492cc58c082d7b5b2ac29ae20ffd1ea1df8b2a,1457646271.85745049,5.2956
2026-06-22,04:23:19,in,1.00000000,kaspa:qqpzpn5e…lgzkfk,,7c32fe7a0bf22c096736d7e7e2a80ad240c4c56b70ac4efbf3fd174afb00cfc1,1457646272.85745049,5.2956
2026-06-24,22:29:05,in,1493140.96087000,kaspa:qrvum29v…c3tges,Bybit,09a683fa86e727c3e3694e9dbade1bb1448834e91a10c66fcb4d22c3b56b9593,1459139413.81832027,5.2999
2026-06-26,16:45:58,in,1331522.52428400,kaspa:qrvum29v…c3tges,Bybit,5cb3d15c54bd6a532e8ebfe3aaeff9524642d83c9e19ffaab38db2615086e06f,1460470936.34260440,5.3039
2026-06-28,06:12:54,in,1.00000000,kaspa:qrrhjmgc…wxcjuc,,b5a87df8b1ed562b2076a3d2512f6da719b3aae8f7dffc00da1b932d20c079fd,1460470937.34260440,5.3033
2026-06-29,01:54:06,in,585876.82891800,kaspa:qrvum29v…c3tges,Bybit,326079d2eb955ae8d54a19bda9e33bb0eb197d091fc366bc820bfaaef8c21855,1461056814.17152238,5.3050
2026-06-30,08:09:05,in,0.16660000,kaspa:qr7muqq2…wdxts8 +1,,8a17cab4c396ef1b7ecc590cdd7ec3dbcfa97e5e03329873bd815800f8e3056a,1461056814.33812237,5.3045
2026-07-03,15:17:33,in,1745550.27340000,kaspa:qqywx2ws…wqgd6j,Bitget,230a62d422cb808ee09f22db56d93b3cd49227acb9803888ff4c6f37724f47cc,1462802364.61152244,5.3094
2026-07-04,11:32:12,in,5200069.92909868,kaspa:qrelgny7…p3ap8m,Gate.io,ae8271614fa059b459cb1f032b4688ae5652bc4a48a75f46c44a47831fce19dc,1468002434.54062104,5.3279
2026-07-11,07:27:13,in,1.00000000,kaspa:qpqja7uf…9cnhyu,,09ffd37c8c8d17e0260a39e245fdc959c1a1919822704fa1355d1be9b61736d8,1468002435.54062104,5.3251
2026-07-11,21:18:34,in,2.00000000,kaspa:qzlrs3ss…t6hxed,,e09ace37775a4544f240723dc041627350e2fe0a58c81d355470a3792eae22dd,1468002437.54062104,5.3248
2026-07-13,22:48:46,in,880928.62012800,kaspa:qqywx2ws…wqgd6j,Bitget,20d18b6bf81dd73b0e1cc9e36c4ef97a4d4a93aa9610f6c736656e5252563be9,1468883366.16074896,5.3272
2026-07-13,22:56:15,in,2278233.02189800,kaspa:qrelgny7…p3ap8m,Gate.io,5607d5caff2ab66b8bfef730d47835ac8aa568b3bd17c54c618a32f8f80a82c7,1471161599.18264699,5.3355
2026-07-14,10:14:43,in,3686513.80361500,kaspa:qrvum29v…c3tges,Bybit,be352d515260289fe0376391eb5234731de6b98d52205e68a9141735bf17a19b,1474848112.98626208,5.3486
2026-07-18,16:06:07,in,1345305.08313600,kaspa:qrvum29v…c3tges +1,Bybit,4e39bbe779b30a8724d4769a1e18e08bd40e1d0749e0b85ee544a866cea18b8d,1476193418.06939816,5.3518
2026-07-18,16:06:16,in,877221.85520000,kaspa:qqywx2ws…wqgd6j,Bitget,bf3aa6f71590493f5b46a852d89e4df065e2782e233c540677e7f7832d4ec5a3,1477070639.92459798,5.3550
2026-07-20,13:58:11,in,8965167.05518494,kaspa:qzxs23g7…ca8r67,Bitvavo,d4629c7f60901808c1dc52a84cd4c8bdec0ce2dfeb3f8e98fda5e803893fae73,1486035806.97978306,5.3867
2026-07-21,01:32:45,in,1.00000000,kaspa:qpsn5qc4…xxmwa3,,34808908b892524db4df438af6b1c630a6aee2c98a1b8471e3dba4d9f10edacf,1486035807.97978306,5.3865
2026-07-21,12:05:17,in,3015793.89279480,kaspa:qrelgny7…p3ap8m,Gate.io,187b139129c6f9d6787c93232818c2e163843015d2acdf832ff3b8dc90a21ea5,1489051601.87257791,5.3972
2026-07-23,10:05:04,in,775804.44520000,kaspa:qqywx2ws…wqgd6j,Bitget,3224b944a4fb6c4fda139d04d94e07997269f71ead0eeb5cdbeb33054620597a,1489827406.31777787,5.3992
2026-07-23,10:06:51,in,1367709.22258600,kaspa:qrvum29v…c3tges,Bybit,4abed12b51bb0c741f528b25e373e3266d65bb43543e592f2c94b9b24640a6ce,1491195115.54036379,5.4042
2026-07-23,10:09:37,in,1025771.71726740,kaspa:qrelgny7…p3ap8m,Gate.io,2265708d5d1fba5aee07180968d6a02f3cc32edd3a890cbf981bd8d10e5a23bf,1492220887.25763130,5.4079
2026-07-23,16:49:23,in,8.88888880,kaspa:qracfkmh…luk3yj,,c52f37c87b47dc935c5156324f2678a1ff41467899bef0117b915a6ef30e1880,1492220896.14651990,5.4078
2026-07-27,11:49:38,in,958648.22458300,kaspa:qrelgny7…p3ap8m,Gate.io,82f7a5f673908596ac6f99370c5b055d96ea9269d99234e30a38a6a651b74744,1493179544.37110305,5.4097
2026-07-27,11:55:46,in,844583.83040000,kaspa:qqywx2ws…wqgd6j,Bitget,9c123be126f4115ed58ba3adb218ad302ac756615929eb359e7ae909edb861fb,1494024128.20150304,5.4127
2026-07-28,07:32:00,in,7.00000000,kaspa:qptwty4n…36h67a,,bda71a4dab0251872c7d16014bbc3aa9ede46606c640732fd4c5294700f01a12,1494024135.20150304,5.4124
2026-07-28,09:06:26,in,1175282.36348617,kaspa:qzxs23g7…ca8r67,Bitvavo,c0179181d4c736c24b8b9c7a89dc8a44cb6077aced9c85dbe8576efcba7a9d9e,1495199417.56498909,5.4166
2026-07-29,15:47:04,in,66282.81650800,kaspa:qrvum29v…c3tges,Bybit,66406b50834515790bd3734027f36d4b40dabe079afaa88949a17a83c062401c,1495265700.38149714,5.4163
2026-07-30,14:35:48,in,11823.40869400,kaspa:qrvum29v…c3tges,Bybit,f4c5abaa90d8c6a36a1eac24b638851e50b07295fc7c5fef03361829462fb55a,1495277523.79019117,5.4160
2026-08-01,09:46:04,in,3778946.31824000,kaspa:qqywx2ws…wqgd6j,Bitget,f02ed5e8ab23edd7a76ecdf7608da5a2330a23b77bfc8099d12973d71a181f5a,1499056470.10843110,5.4289
2026-08-03,01:17:35,in,4818565.39676450,kaspa:qrelgny7…p3ap8m,Gate.io,72f13ce075d7ea82d536450eb9d36e7dd482ac07c423f9c3b7a9dd3b5501e22c,1503875035.50519562,5.4457
2026-08-03,11:37:03,in,1744254.58360000,kaspa:qqywx2ws…wqgd6j,Bitget,c4032d51c3efa4811ff2c7938e2e7964207598afffcb46a7c747083c80a004d4,1505619290.08879566,5.4518
2026-08-04,10:54:37,in,851394.72205620,kaspa:qrelgny7…p3ap8m,Gate.io,5a0bc05c52a2eb20f8e43311e812cbb96c54dde1e355238c21310845c90c5016,1506470684.81085181,5.4545
2026-08-05,10:08:33,in,2575462.21050000,kaspa:qqywx2ws…wqgd6j,Bitget,09d277539e7619ecd9d48fb1ea477ba5c06cc42d62beb2010cc59c614e83d553,1509046147.02135181,5.4634
2026-08-05,23:20:32,in,1.00000000,kaspa:qqlne9ce…qtw7rj +1,,b8089c1c3dbdb68cc538051f1bc250413fe3c590313fe92bfda9f90e5a7ca50d,1509046148.02135181,5.4632
2026-08-06,16:05:33,in,896085.41160000,kaspa:qqywx2ws…wqgd6j,Bitget,ea7d5b772aac29706c9afcf23623db8aef000b313b010473ab92bc47947b59b2,1509942233.43295193,5.4662
2026-08-07,09:34:13,in,897849.66554020,kaspa:qrelgny7…p3ap8m,Gate.io,7098d6cce2ffcf7b956b0932221baebdf84e9374d33fc149469d59600c3c5b50,1510840083.09849215,5.4691
2026-08-08,14:38:07,in,0.99000000,kaspa:qpdqds0j…lvg0pa,,26d6f0b42bb438d16fcb39dbf50766635ac4c77bd66983a20c8dc4a37175db53,1510840084.08849216,5.4687
2026-08-10,11:49:42,out,2396922.00316497,kaspa:qzje8wvp…5qymaw,,b5dffd7a72781f2e4fba61d9674f2f38fe0f996dad79a469dd7d962b130835a8,1508443162.08532715,5.4593
2026-08-11,17:35:20,in,1.00000000,kaspa:qz6c0d5v…u2fxkx,,3b602281f7425f8ec9ff89f99a584f8e47755fcce5d5171212aa367e11cb618c,1508443163.08532715,5.4588
2026-08-12,08:24:17,in,1238349.89240000,kaspa:qqywx2ws…wqgd6j,Bitget,fea56d5cbe8321f65e23f94121365e1729fe3d8dd8edc43302cbbc406f97b5c8,1509681512.97772717,5.4630
2026-08-14,19:08:16,in,1192022.49855700,kaspa:qqywx2ws…wqgd6j,Bitget,d0eb260954334aaf9e7d1c7e5702c3ce75cc0ce02145503185d54abdfda0379b,1510873535.47628403,5.4663
2026-08-21,07:03:03,in,3633310.71720000,kaspa:qqywx2ws…wqgd6j,Bitget,d8c1cf071d37c6678ccdb3953741a430cd10f07c506f649b7d6c927368d70b19,1514506846.19348407,5.4769
2026-08-22,21:05:26,in,1.00000000,kaspa:qz46pu63…qq0vmc,,c6c56e0f968f288d7a70ec453f2c96567c7291685d2f9d61443d95abaad2bb01,1514506847.19348407,5.4763
2026-08-22,23:15:08,in,4129494.07789780,kaspa:qrelgny7…p3ap8m,Gate.io,282a8b002032f90ea7026f5f066a60c5a4337921a67d9506d98afa9b0dc02724,1518636341.27138186,5.4912
2026-08-23,13:55:55,in,287.00000000,kaspa:qrzljklm…xys687,,eca16e95a5167b4044294522d82153b595729fe50826018901062946d95ef43d,1518636628.27138186,5.4909
2026-08-24,18:49:14,in,45.00000000,kaspa:qz38h8sm…y8ecws,,818552f94bfc7c8e137384150d8242188942441aaf8455b1166fc7ad18e76424,1518636673.27138186,5.4905
2026-08-27,11:43:24,out,2992969.28000002,kaspa:qr005jya…67f0td,,59c797e2ac1ec03afae652e1499ed5fdf8cd179e25d0bd85b06e034d4de17486,1515643703.99138188,5.4786
2026-08-30,12:15:52,in,6.00000000,kaspa:qpserf7c…qk3hfk,,cf3b47e70267e5d71a1479e1e60c3a4e989cd7c7c09b56d0d7bce3f4ec40b9b8,1515643709.99138188,5.4774
2026-08-30,13:18:19,in,10.00000000,kaspa:qypxrksx…wgunar,,d8305ee5593d3aecb6c2bfd26a7df1325dc1384bea32b0fc9e9ee2b1cdcf10f8,1515643719.99138188,5.4774
2026-08-31,05:57:02,in,10.00000000,kaspa:qypxrksx…wgunar,,6f2f6f8062426d117d9bbb3bf4ef337bb997d93e2b447f060d863a5510ff70b9,1515643729.99138188,5.4771
2026-09-02,23:08:46,in,4770051.45342800,kaspa:qqywx2ws…wqgd6j,Bitget,43ac5fd3f950249e3580d06e55feca6a334c0e7cbd3f7ee5ac81d33653dd5b2f,1520413781.44480991,5.4933
2026-09-03,01:41:52,in,10.00000000,kaspa:qypxrksx…wgunar,,b8e46d08ce4fe98fee74f053d52ccf189620816db72aa0640f749c6d5b2a5a47,1520413791.44480991,5.4932
2026-09-04,03:25:42,in,5.00000000,kaspa:qypxrksx…wgunar,,ed583e998997a5d4e0461e0ba2b843413ffc0abfa636b9893a547f99483dd969,1520413796.44480991,5.4928
2026-09-10,20:16:30,in,1.00000000,kaspa:qqu63hd7…86f7n3,,f8dc3911016b23e45b57055ee93c32134e698a36a39f2ef7e055b9bbd9be69ba,1520413797.44480991,5.4903
2026-09-14,12:57:54,out,3147380.00316496,kaspa:qzje8wvp…5qymaw,,fea10a7aebd3d4534c2f3dfceaf58d3cc13cd90cd89303c09665e3862b2e8a41,1517266417.44164491,5.4775
2026-09-14,22:16:28,in,137.00000000,kaspa:qqva2ddu…x5kvdr,,c4676e6627337a6b177d1be5d3a88252cbce20dde7bfb1e458c69bfef69dc57e,1517266554.44164491,5.4774
2026-09-17,12:29:40,out,5626974.00316496,kaspa:qzje8wvp…5qymaw,,69d060840d25183c1a82b6033472b137c7eedf975b90e622306b450538e3e507,1511639580.43847990,5.4561
2026-09-17,15:45:36,in,2286203.73930220,kaspa:qrelgny7…p3ap8m,Gate.io,b02084925f271c76c111006abfb22ef05e0a69dac581a24f8057401ae85d5cc9,1513925784.17778206,5.4643
2026-09-18,08:38:33,in,9989407.91185200,kaspa:qqywx2ws…wqgd6j,Bitget,5a7fdbf1861802cf587b4dc8c94971d96d9d3eea5bd300ee352234dcdc3e5510,1523915192.08963418,5.5001
2026-09-22,04:09:09,in,5.00000000,kaspa:qypxrksx…wgunar,,a9200f4f5e5c5a9c221282f8f7c2429a7b591db3bfbcd9bc2f13d5919ae7fe42,1523915197.08963418,5.4987
2026-09-23,13:35:46,in,2477624.50641800,kaspa:qqywx2ws…wqgd6j,Bitget,b663bdbfb34038e58bfc2fc66723cc9fe863128007a69bd938cdf590d736c02f,1526392821.59605217,5.5071
2026-09-24,12:27:17,out,2000014.81997953,kaspa:qzy4nc7j…8v0jt2 +1,,49ba8535c16603aa8da1ca9547bbc00cc41c6590925a9ddd108863f1a2c1954f,1524392806.77607250,5.4995
2026-09-25,10:09:36,in,1582789.68448220,kaspa:qrelgny7…p3ap8m,Gate.io,0adb0901cdfddac241a80c8f03538d50f720ee4be0a03ddc4f9c3cf0e4a5fb70,1525975596.46055484,5.5049
2026-09-28,12:26:15,out,6377600.98989576,kaspa:qrl6dvnd…4dl80k +1,,65f120cf8cbeec472a20f283c5da84d3d9a4ac775c8326c7a1871c8a4a924964,1519597995.47065902,5.4807
2026-09-29,08:03:36,in,1769298.16424800,kaspa:qrelgny7…p3ap8m,Gate.io,5e664c65fea87c87616667b8b2446dabe15c042ee2c931758f62f40769a6c4e1,1521367293.63490701,5.4868
