datum_utc,hashrate_phs,block_reward_kas,neue_kas_tag,gebuehren_kas_tag,gebuehren_anteil_pct,naechste_senkung_utc
2023-10-01,30.977,174.61411571,15086659.60,23.71801186,0.0002,2023-10-07 07:52
2023-10-02,30.400,174.61411571,15086659.60,31.55625313,0.0002,2023-10-07 07:52
2023-10-03,34.078,174.61411571,15086659.60,16.85264794,0.0001,2023-10-07 07:52
2023-10-04,37.510,174.61411571,15086659.60,49.38406804,0.0003,2023-10-07 07:52
2023-10-05,40.897,174.61411571,15086659.60,20.10033819,0.0001,2023-10-07 07:52
2023-10-06,40.745,174.61411571,15086659.60,16.03445642,0.0001,2023-10-07 07:52
2023-10-07,40.671,174.61411571,14517550.30,21.91268933,0.0002,2023-10-07 07:52
2023-10-08,43.893,164.81377845,14239910.46,19.23837473,0.0001,2023-11-06 18:01
2023-10-09,46.295,164.81377845,14239910.46,35.81297293,0.0003,2023-11-06 18:01
2023-10-10,47.379,164.81377845,14239910.46,122.80928031,0.0009,2023-11-06 18:01
2023-10-11,47.706,164.81377845,14239910.46,29.35299694,0.0002,2023-11-06 18:01
2023-10-12,47.157,164.81377845,14239910.46,18.08117670,0.0001,2023-11-06 18:01
2023-10-13,47.585,164.81377845,14239910.46,22.74252708,0.0002,2023-11-06 18:01
2023-10-14,48.191,164.81377845,14239910.46,22.30201069,0.0002,2023-11-06 18:01
2023-10-15,48.917,164.81377845,14239910.46,45.36811405,0.0003,2023-11-06 18:01
2023-10-16,49.887,164.81377845,14239910.46,19.99992410,0.0001,2023-11-06 18:01
2023-10-17,50.219,164.81377845,14239910.46,21.50376895,0.0002,2023-11-06 18:01
2023-10-18,49.871,164.81377845,14239910.46,21.69758314,0.0002,2023-11-06 18:01
2023-10-19,49.910,164.81377845,14239910.46,518.60551106,0.0036,2023-11-06 18:01
2023-10-20,50.365,164.81377845,14239910.46,17.02135988,0.0001,2023-11-06 18:01
2023-10-21,49.362,164.81377845,14239910.46,18.30554993,0.0001,2023-11-06 18:01
2023-10-22,50.177,164.81377845,14239910.46,30.83937227,0.0002,2023-11-06 18:01
2023-10-23,51.175,164.81377845,14239910.46,32539.66107089,0.2280,2023-11-06 18:01
2023-10-24,52.418,164.81377845,14239910.46,49.84562960,0.0004,2023-11-06 18:01
2023-10-25,52.059,164.81377845,14239910.46,28.64723230,0.0002,2023-11-06 18:01
2023-10-26,52.562,164.81377845,14239910.46,16.80554667,0.0001,2023-11-06 18:01
2023-10-27,52.335,164.81377845,14239910.46,48.83239535,0.0003,2023-11-06 18:01
2023-10-28,52.665,164.81377845,14239910.46,28.89593493,0.0002,2023-11-06 18:01
2023-10-29,52.234,164.81377845,14239910.46,18.57008478,0.0001,2023-11-06 18:01
2023-10-30,51.775,164.81377845,14239910.46,19.13703155,0.0001,2023-11-06 18:01
2023-10-31,51.990,164.81377845,14239910.46,25.36661145,0.0002,2023-11-06 18:01
2023-11-01,52.109,164.81377845,14239910.46,34.93252659,0.0002,2023-11-06 18:01
2023-11-02,52.178,164.81377845,14239910.46,18.92946995,0.0001,2023-11-06 18:01
2023-11-03,52.544,164.81377845,14239910.46,27.20382909,0.0002,2023-11-06 18:01
2023-11-04,52.642,164.81377845,14239910.46,20.12593823,0.0001,2023-11-06 18:01
2023-11-05,52.849,164.81377845,14239910.46,3136.08349155,0.0220,2023-11-06 18:01
2023-11-06,53.062,164.81377845,14040709.75,23.66348311,0.0002,2023-11-06 18:01
2023-11-07,53.060,155.56349186,13440685.70,84.22962040,0.0006,2023-12-07 03:56
2023-11-08,53.287,155.56349186,13440685.70,2987.51783546,0.0222,2023-12-07 03:56
2023-11-09,55.264,155.56349186,13440685.70,1188.75761115,0.0088,2023-12-07 03:56
2023-11-10,55.404,155.56349186,13440685.70,1593.18556264,0.0119,2023-12-07 03:56
2023-11-11,55.607,155.56349186,13440685.70,163.57975624,0.0012,2023-12-07 03:56
2023-11-12,56.595,155.56349186,13440685.70,6038.76511409,0.0449,2023-12-07 03:56
2023-11-13,57.014,155.56349186,13440685.70,23.10363470,0.0002,2023-12-07 03:56
2023-11-14,58.687,155.56349186,13440685.70,50.68113846,0.0004,2023-12-07 03:56
2023-11-15,59.823,155.56349186,13440685.70,115.97227637,0.0009,2023-12-07 03:56
2023-11-16,60.127,155.56349186,13440685.70,184.30915000,0.0014,2023-12-07 03:56
2023-11-17,60.490,155.56349186,13440685.70,89.32958219,0.0007,2023-12-07 03:56
2023-11-18,63.485,155.56349186,13440685.70,455.57202813,0.0034,2023-12-07 03:56
2023-11-19,63.467,155.56349186,13440685.70,1033.29430581,0.0077,2023-12-07 03:56
2023-11-20,63.808,155.56349186,13440685.70,62.72548855,0.0005,2023-12-07 03:56
2023-11-21,64.100,155.56349186,13440685.70,42.63440611,0.0003,2023-12-07 03:56
2023-11-22,65.563,155.56349186,13440685.70,128.10432273,0.0010,2023-12-07 03:56
2023-11-23,64.615,155.56349186,13440685.70,29.03755034,0.0002,2023-12-07 03:56
2023-11-24,62.341,155.56349186,13440685.70,49.71851688,0.0004,2023-12-07 03:56
2023-11-25,67.429,155.56349186,13440685.70,94.72619840,0.0007,2023-12-07 03:56
2023-11-26,68.666,155.56349186,13440685.70,59.44707962,0.0004,2023-12-07 03:56
2023-11-27,70.434,155.56349186,13440685.70,92.20293121,0.0007,2023-12-07 03:56
2023-11-28,72.918,155.56349186,13440685.70,148.39643461,0.0011,2023-12-07 03:56
2023-11-29,77.080,155.56349186,13440685.70,54.30018166,0.0004,2023-12-07 03:56
2023-11-30,79.577,155.56349186,13440685.70,50.14010187,0.0004,2023-12-07 03:56
2023-12-01,81.656,155.56349186,13440685.70,42.48435647,0.0003,2023-12-07 03:56
2023-12-02,84.682,155.56349186,13440685.70,215.63307759,0.0016,2023-12-07 03:56
2023-12-03,85.826,155.56349186,13440685.70,21.98043792,0.0002,2023-12-07 03:56
2023-12-04,86.331,155.56349186,13440685.70,39.55150158,0.0003,2023-12-07 03:56
2023-12-05,90.266,155.56349186,13440685.70,24.72403046,0.0002,2023-12-07 03:56
2023-12-06,92.585,155.56349186,13440685.70,37.69889597,0.0003,2023-12-07 03:56
2023-12-07,95.918,155.56349186,12810026.81,45.26967465,0.0004,2023-12-07 03:56
2023-12-08,98.889,146.83238395,12686317.97,52.72364558,0.0004,2024-01-06 13:50
2023-12-09,100.925,146.83238395,12686317.97,37.61525813,0.0003,2024-01-06 13:50
2023-12-10,102.264,146.83238395,12686317.97,46.26023321,0.0004,2024-01-06 13:50
2023-12-11,103.089,146.83238395,12686317.97,42.22954250,0.0003,2024-01-06 13:50
2023-12-12,104.967,146.83238395,12686317.97,39.53248925,0.0003,2024-01-06 13:50
2023-12-13,106.518,146.83238395,12686317.97,48.47274485,0.0004,2024-01-06 13:50
2023-12-14,108.355,146.83238395,12686317.97,35.17994025,0.0003,2024-01-06 13:50
2023-12-15,111.248,146.83238395,12686317.97,32.03194262,0.0003,2024-01-06 13:50
2023-12-16,106.850,146.83238395,12686317.97,59.92632790,0.0005,2024-01-06 13:50
2023-12-17,113.361,146.83238395,12686317.97,31.67990369,0.0002,2024-01-06 13:50
2023-12-18,113.763,146.83238395,12686317.97,29.93758572,0.0002,2024-01-06 13:50
2023-12-19,116.466,146.83238395,12686317.97,30.54345734,0.0002,2024-01-06 13:50
2023-12-20,118.332,146.83238395,12686317.97,25.35724156,0.0002,2024-01-06 13:50
2023-12-21,119.353,146.83238395,12686317.97,47.33978792,0.0004,2024-01-06 13:50
2023-12-22,121.887,146.83238395,12686317.97,41.93016993,0.0003,2024-01-06 13:50
2023-12-23,125.067,146.83238395,12686317.97,26.72583735,0.0002,2024-01-06 13:50
2023-12-24,125.911,146.83238395,12686317.97,27.34126418,0.0002,2024-01-06 13:50
2023-12-25,126.163,146.83238395,12686317.97,58.52704711,0.0005,2024-01-06 13:50
2023-12-26,127.214,146.83238395,12686317.97,171.29740057,0.0014,2024-01-06 13:50
2023-12-27,127.627,146.83238395,12686317.97,70.55421514,0.0006,2024-01-06 13:50
2023-12-28,130.006,146.83238395,12686317.97,50.23302232,0.0004,2024-01-06 13:50
2023-12-29,131.121,146.83238395,12686317.97,43.14141549,0.0003,2024-01-06 13:50
2023-12-30,133.790,146.83238395,12686317.97,656.50239576,0.0052,2024-01-06 13:50
2023-12-31,134.310,146.83238395,12686317.97,72.05141221,0.0006,2024-01-06 13:50
2024-01-01,135.135,146.83238395,12686317.97,31.30104972,0.0002,2024-01-06 13:50
2024-01-02,134.858,146.83238395,12686317.97,27.10565552,0.0002,2024-01-06 13:50
2024-01-03,136.334,146.83238395,12686317.97,43.62238124,0.0003,2024-01-06 13:50
2024-01-04,138.507,146.83238395,12686317.97,50.29476922,0.0004,2024-01-06 13:50
2024-01-05,141.309,146.83238395,12686317.97,41.68707973,0.0003,2024-01-06 13:50
2024-01-06,138.555,146.83238395,12384950.08,28.55914772,0.0002,2024-01-06 13:50
2024-01-07,137.509,138.59131548,11974289.66,29.62797554,0.0002,2024-02-05 06:29
2024-01-08,139.204,138.59131548,11974289.66,35.53307540,0.0003,2024-02-05 06:29
2024-01-09,138.137,138.59131548,11974289.66,22064.51588248,0.1839,2024-02-05 06:29
2024-01-10,139.103,138.59131548,11974289.66,44.83935311,0.0004,2024-02-05 06:29
2024-01-11,140.317,138.59131548,11974289.66,1034.40872583,0.0086,2024-02-05 06:29
2024-01-12,139.924,138.59131548,11974289.66,344.92180805,0.0029,2024-02-05 06:29
2024-01-13,141.062,138.59131548,11974289.66,74.15585677,0.0006,2024-02-05 06:29
2024-01-14,139.811,138.59131548,11974289.66,39.23741424,0.0003,2024-02-05 06:29
2024-01-15,138.931,138.59131548,11974289.66,34.34359796,0.0003,2024-02-05 06:29
2024-01-16,138.301,138.59131548,11974289.66,31.87930657,0.0003,2024-02-05 06:29
2024-01-17,140.885,138.59131548,11974289.66,39.34015678,0.0003,2024-02-05 06:29
2024-01-18,144.093,138.59131548,11974289.66,36.74184212,0.0003,2024-02-05 06:29
2024-01-19,144.714,138.59131548,11974289.66,45.64393317,0.0004,2024-02-05 06:29
2024-01-20,147.956,138.59131548,11974289.66,26.33242743,0.0002,2024-02-05 06:29
2024-01-21,147.164,138.59131548,11974289.66,29.28482045,0.0002,2024-02-05 06:29
2024-01-22,146.274,138.59131548,11974289.66,33.12984255,0.0003,2024-02-05 06:29
2024-01-23,148.425,138.59131548,11974289.66,60.00019879,0.0005,2024-02-05 06:29
2024-01-24,149.561,138.59131548,11974289.66,87.08777032,0.0007,2024-02-05 06:29
2024-01-25,152.107,138.59131548,11974289.66,53.36751509,0.0004,2024-02-05 06:29
2024-01-26,154.395,138.59131548,11974289.66,20.90874701,0.0002,2024-02-05 06:29
2024-01-27,158.873,138.59131548,11974289.66,26.10294059,0.0002,2024-02-05 06:29
2024-01-28,159.868,138.59131548,11974289.66,30.24730493,0.0003,2024-02-05 06:29
2024-01-29,159.922,138.59131548,11974289.66,21.53679188,0.0002,2024-02-05 06:29
2024-01-30,160.744,138.59131548,11974289.66,218.91246780,0.0018,2024-02-05 06:29
2024-01-31,161.540,138.59131548,11974289.66,154.07956012,0.0013,2024-02-05 06:29
2024-02-01,163.170,138.59131548,11974289.66,200.64993025,0.0017,2024-02-05 06:29
2024-02-02,164.308,138.59131548,11974289.66,20.32793411,0.0002,2024-02-05 06:29
2024-02-03,166.349,138.59131548,11974289.66,19.01287416,0.0002,2024-02-05 06:29
2024-02-04,164.111,138.59131548,11974289.66,31.25277058,0.0003,2024-02-05 06:29
2024-02-05,164.599,138.59131548,11483817.53,22.16374074,0.0002,2024-02-05 06:29
2024-02-06,166.502,130.81278265,11302224.42,38.54168608,0.0003,2024-03-06 06:46
2024-02-07,168.154,130.81278265,11302224.42,24.62613312,0.0002,2024-03-06 06:46
2024-02-08,171.635,130.81278265,11302224.42,27.41872663,0.0002,2024-03-06 06:46
2024-02-09,173.744,130.81278265,11302224.42,35.22990750,0.0003,2024-03-06 06:46
2024-02-10,173.806,130.81278265,11302224.42,39.89957477,0.0004,2024-03-06 06:46
2024-02-11,170.969,130.81278265,11302224.42,29.52179176,0.0003,2024-03-06 06:46
2024-02-12,169.035,130.81278265,11302224.42,25.78279613,0.0002,2024-03-06 06:46
2024-02-13,171.107,130.81278265,11302224.42,39.66841393,0.0004,2024-03-06 06:46
2024-02-14,173.859,130.81278265,11302224.42,44.03595979,0.0004,2024-03-06 06:46
2024-02-15,171.942,130.81278265,11302224.42,33.59155348,0.0003,2024-03-06 06:46
2024-02-16,170.934,130.81278265,11302224.42,53.56058401,0.0005,2024-03-06 06:46
2024-02-17,168.688,130.81278265,11302224.42,35.14785207,0.0003,2024-03-06 06:46
2024-02-18,174.069,130.81278265,11302224.42,525.57495249,0.0046,2024-03-06 06:46
2024-02-19,168.626,130.81278265,11302224.42,52.65390049,0.0005,2024-03-06 06:46
2024-02-20,168.930,130.81278265,11302224.42,5138.00214297,0.0454,2024-03-06 06:46
2024-02-21,168.553,130.81278265,11302224.42,585.79597290,0.0052,2024-03-06 06:46
2024-02-22,168.604,130.81278265,11302224.42,27.06783987,0.0002,2024-03-06 06:46
2024-02-23,164.119,130.81278265,11302224.42,35.54017771,0.0003,2024-03-06 06:46
2024-02-24,163.374,130.81278265,11302224.42,23.59981906,0.0002,2024-03-06 06:46
2024-02-25,166.672,130.81278265,11302224.42,23.59506264,0.0002,2024-03-06 06:46
2024-02-26,166.937,130.81278265,11302224.42,1039.31831903,0.0092,2024-03-06 06:46
2024-02-27,167.883,130.81278265,11302224.42,130.75782962,0.0012,2024-03-06 06:46
2024-02-28,167.850,130.81278265,11302224.42,64.10837623,0.0006,2024-03-06 06:46
2024-02-29,168.820,130.81278265,11302224.42,140.04791242,0.0012,2024-03-06 06:46
2024-03-01,168.131,130.81278265,11302224.42,27.93276598,0.0002,2024-03-06 06:46
2024-03-02,171.969,130.81278265,11302224.42,42.57382413,0.0004,2024-03-06 06:46
2024-03-03,174.981,130.81278265,11302224.42,33.83255182,0.0003,2024-03-06 06:46
2024-03-04,175.722,130.81278265,11302224.42,27.83570012,0.0002,2024-03-06 06:46
2024-03-05,173.954,130.81278265,11302224.42,40.63858662,0.0004,2024-03-06 06:46
2024-03-06,174.753,130.81278265,10847063.09,21.67972823,0.0002,2024-03-06 06:46
2024-03-07,173.065,123.47082531,10667879.31,25.29801484,0.0002,2024-04-05 15:25
2024-03-08,174.902,123.47082531,10667879.31,32.99260013,0.0003,2024-04-05 15:25
2024-03-09,172.850,123.47082531,10667879.31,5026.81922475,0.0471,2024-04-05 15:25
2024-03-10,176.834,123.47082531,10667879.31,23.42642486,0.0002,2024-04-05 15:25
2024-03-11,175.971,123.47082531,10667879.31,47.45168267,0.0004,2024-04-05 15:25
2024-03-12,178.801,123.47082531,10667879.31,198.35339478,0.0019,2024-04-05 15:25
2024-03-13,180.610,123.47082531,10667879.31,51.33952226,0.0005,2024-04-05 15:25
2024-03-14,178.241,123.47082531,10667879.31,137.08502556,0.0013,2024-04-05 15:25
2024-03-15,181.013,123.47082531,10667879.31,29.77225464,0.0003,2024-04-05 15:25
2024-03-16,182.137,123.47082531,10667879.31,125.41431437,0.0012,2024-04-05 15:25
2024-03-17,181.508,123.47082531,10667879.31,24.63339086,0.0002,2024-04-05 15:25
2024-03-18,180.219,123.47082531,10667879.31,26.42994076,0.0002,2024-04-05 15:25
2024-03-19,180.630,123.47082531,10667879.31,25.95553209,0.0002,2024-04-05 15:25
2024-03-20,183.613,123.47082531,10667879.31,26.24015827,0.0002,2024-04-05 15:25
2024-03-21,186.186,123.47082531,10667879.31,28.74353321,0.0003,2024-04-05 15:25
2024-03-22,188.711,123.47082531,10667879.31,41.89636368,0.0004,2024-04-05 15:25
2024-03-23,190.521,123.47082531,10667879.31,25.55681898,0.0002,2024-04-05 15:25
2024-03-24,190.849,123.47082531,10667879.31,23.71921790,0.0002,2024-04-05 15:25
2024-03-25,190.861,123.47082531,10667879.31,28.28420654,0.0003,2024-04-05 15:25
2024-03-26,193.575,123.47082531,10667879.31,30.76179350,0.0003,2024-04-05 15:25
2024-03-27,194.893,123.47082531,10667879.31,30.89353507,0.0003,2024-04-05 15:25
2024-03-28,195.189,123.47082531,10667879.31,1047.02405437,0.0098,2024-04-05 15:25
2024-03-29,196.050,123.47082531,10667879.31,24.03519424,0.0002,2024-04-05 15:25
2024-03-30,196.277,123.47082531,10667879.31,23.34758594,0.0002,2024-04-05 15:25
2024-03-31,199.329,123.47082531,10667879.31,31.74159880,0.0003,2024-04-05 15:25
2024-04-01,197.739,123.47082531,10667879.31,26.39604891,0.0002,2024-04-05 15:25
2024-04-02,199.048,123.47082531,10667879.31,29.94538836,0.0003,2024-04-05 15:25
2024-04-03,200.923,123.47082531,10667879.31,22.99705152,0.0002,2024-04-05 15:25
2024-04-04,202.937,123.47082531,10667879.31,30.28635789,0.0003,2024-04-05 15:25
2024-04-05,207.237,123.47082531,10453940.38,20.92171004,0.0002,2024-04-05 15:25
2024-04-06,208.151,116.54094037,10069137.25,24.57087587,0.0002,2024-05-05 23:57
2024-04-07,209.040,116.54094037,10069137.25,23.05420464,0.0002,2024-05-05 23:57
2024-04-08,207.971,116.54094037,10069137.25,30.13670825,0.0003,2024-05-05 23:57
2024-04-09,211.132,116.54094037,10069137.25,40.76243767,0.0004,2024-05-05 23:57
2024-04-10,214.149,116.54094037,10069137.25,36.10945183,0.0004,2024-05-05 23:57
2024-04-11,214.367,116.54094037,10069137.25,19.64883899,0.0002,2024-05-05 23:57
2024-04-12,212.118,116.54094037,10069137.25,62.59478192,0.0006,2024-05-05 23:57
2024-04-13,210.991,116.54094037,10069137.25,40.64182285,0.0004,2024-05-05 23:57
2024-04-14,214.010,116.54094037,10069137.25,25.12843744,0.0002,2024-05-05 23:57
2024-04-15,212.739,116.54094037,10069137.25,39.90130825,0.0004,2024-05-05 23:57
2024-04-16,207.656,116.54094037,10069137.25,30.60043672,0.0003,2024-05-05 23:57
2024-04-17,215.033,116.54094037,10069137.25,26.38143948,0.0003,2024-05-05 23:57
2024-04-18,215.598,116.54094037,10069137.25,30.48094647,0.0003,2024-05-05 23:57
2024-04-19,223.567,116.54094037,10069137.25,30.60167170,0.0003,2024-05-05 23:57
2024-04-20,227.837,116.54094037,10069137.25,33.96557763,0.0003,2024-05-05 23:57
2024-04-21,226.027,116.54094037,10069137.25,20.68341085,0.0002,2024-05-05 23:57
2024-04-22,228.854,116.54094037,10069137.25,30.36518151,0.0003,2024-05-05 23:57
2024-04-23,231.103,116.54094037,10069137.25,20.81327248,0.0002,2024-05-05 23:57
2024-04-24,232.688,116.54094037,10069137.25,28.43015860,0.0003,2024-05-05 23:57
2024-04-25,230.431,116.54094037,10069137.25,26.86446378,0.0003,2024-05-05 23:57
2024-04-26,230.784,116.54094037,10069137.25,23.94370438,0.0002,2024-05-05 23:57
2024-04-27,231.357,116.54094037,10069137.25,21.23639356,0.0002,2024-05-05 23:57
2024-04-28,229.747,116.54094037,10069137.25,31.39166053,0.0003,2024-05-05 23:57
2024-04-29,229.078,116.54094037,10069137.25,31.43812861,0.0003,2024-05-05 23:57
2024-04-30,229.196,116.54094037,10069137.25,31.80770164,0.0003,2024-05-05 23:57
2024-05-01,228.890,116.54094037,10069137.25,21.10155915,0.0002,2024-05-05 23:57
2024-05-02,232.781,116.54094037,10069137.25,27.49633025,0.0003,2024-05-05 23:57
2024-05-03,235.733,116.54094037,10069137.25,21.83707812,0.0002,2024-05-05 23:57
2024-05-04,237.932,116.54094037,10069137.25,2027.40851880,0.0201,2024-05-05 23:57
2024-05-05,237.810,116.54094037,10068212.12,26.15248756,0.0003,2024-05-05 23:57
2024-05-06,237.453,110.00000000,9504000.00,24.99510952,0.0003,2024-06-05 10:25
2024-05-07,237.836,110.00000000,9504000.00,21.44625294,0.0002,2024-06-05 10:25
2024-05-08,239.371,110.00000000,9504000.00,24.92922946,0.0003,2024-06-05 10:25
2024-05-09,238.468,110.00000000,9504000.00,25.09908025,0.0003,2024-06-05 10:25
2024-05-10,239.648,110.00000000,9504000.00,25.34998676,0.0003,2024-06-05 10:25
2024-05-11,247.141,110.00000000,9504000.00,29.43040614,0.0003,2024-06-05 10:25
2024-05-12,243.586,110.00000000,9504000.00,21.79157268,0.0002,2024-06-05 10:25
2024-05-13,241.758,110.00000000,9504000.00,22.20840652,0.0002,2024-06-05 10:25
2024-05-14,244.923,110.00000000,9504000.00,22.27734878,0.0002,2024-06-05 10:25
2024-05-15,249.152,110.00000000,9504000.00,23.69054491,0.0002,2024-06-05 10:25
2024-05-16,248.496,110.00000000,9504000.00,37.59582108,0.0004,2024-06-05 10:25
2024-05-17,249.656,110.00000000,9504000.00,26.95497844,0.0003,2024-06-05 10:25
2024-05-18,254.615,110.00000000,9504000.00,26.96620488,0.0003,2024-06-05 10:25
2024-05-19,254.898,110.00000000,9504000.00,18.51383978,0.0002,2024-06-05 10:25
2024-05-20,256.846,110.00000000,9504000.00,39.21394535,0.0004,2024-06-05 10:25
2024-05-21,260.327,110.00000000,9504000.00,55.94263995,0.0006,2024-06-05 10:25
2024-05-22,268.533,110.00000000,9504000.00,88.44716155,0.0009,2024-06-05 10:25
2024-05-23,280.353,110.00000000,9504000.00,35.11629183,0.0004,2024-06-05 10:25
2024-05-24,283.047,110.00000000,9504000.00,27.68493151,0.0003,2024-06-05 10:25
2024-05-25,287.407,110.00000000,9504000.00,22.37237515,0.0002,2024-06-05 10:25
2024-05-26,292.680,110.00000000,9504000.00,28.02890663,0.0003,2024-06-05 10:25
2024-05-27,292.649,110.00000000,9504000.00,1029.04307353,0.0108,2024-06-05 10:25
2024-05-28,294.860,110.00000000,9504000.00,53.03500745,0.0006,2024-06-05 10:25
2024-05-29,295.247,110.00000000,9504000.00,1028.45799990,0.0108,2024-06-05 10:25
2024-05-30,299.264,110.00000000,9504000.00,25.10204107,0.0003,2024-06-05 10:25
2024-05-31,306.059,110.00000000,9504000.00,24.64640890,0.0003,2024-06-05 10:25
2024-06-01,305.710,110.00000000,9504000.00,22.18170673,0.0002,2024-06-05 10:25
2024-06-02,308.927,110.00000000,9504000.00,39.51173233,0.0004,2024-06-05 10:25
2024-06-03,309.122,110.00000000,9504000.00,33.04701454,0.0003,2024-06-05 10:25
2024-06-04,311.157,110.00000000,9504000.00,34.30432008,0.0004,2024-06-05 10:25
2024-06-05,311.247,110.00000000,9202425.39,128.92927391,0.0014,2024-06-05 10:25
2024-06-06,312.036,103.82617439,8970581.47,46.50553868,0.0005,2024-07-05 20:40
2024-06-07,316.505,103.82617439,8970581.47,30.32129783,0.0003,2024-07-05 20:40
2024-06-08,322.039,103.82617439,8970581.47,24.87977498,0.0003,2024-07-05 20:40
2024-06-09,319.931,103.82617439,8970581.47,35.27732546,0.0004,2024-07-05 20:40
2024-06-10,320.376,103.82617439,8970581.47,28.63451090,0.0003,2024-07-05 20:40
2024-06-11,320.915,103.82617439,8970581.47,29.38439396,0.0003,2024-07-05 20:40
2024-06-12,318.347,103.82617439,8970581.47,30.85358570,0.0003,2024-07-05 20:40
2024-06-13,319.040,103.82617439,8970581.47,23.59339268,0.0003,2024-07-05 20:40
2024-06-14,329.070,103.82617439,8970581.47,28.03876147,0.0003,2024-07-05 20:40
2024-06-15,338.764,103.82617439,8970581.47,22.66369470,0.0003,2024-07-05 20:40
2024-06-16,343.799,103.82617439,8970581.47,22.73440084,0.0003,2024-07-05 20:40
2024-06-17,343.048,103.82617439,8970581.47,31.27315123,0.0003,2024-07-05 20:40
2024-06-18,345.944,103.82617439,8970581.47,30.30215720,0.0003,2024-07-05 20:40
2024-06-19,348.653,103.82617439,8970581.47,20.84935775,0.0002,2024-07-05 20:40
2024-06-20,346.831,103.82617439,8970581.47,75.89830428,0.0008,2024-07-05 20:40
2024-06-21,349.179,103.82617439,8970581.47,23.91360790,0.0003,2024-07-05 20:40
2024-06-22,347.676,103.82617439,8970581.47,24.50519506,0.0003,2024-07-05 20:40
2024-06-23,349.111,103.82617439,8970581.47,26.39115001,0.0003,2024-07-05 20:40
2024-06-24,345.656,103.82617439,8970581.47,35.22679329,0.0004,2024-07-05 20:40
2024-06-25,343.862,103.82617439,8970581.47,31.52256894,0.0004,2024-07-05 20:40
2024-06-26,345.050,103.82617439,8970581.47,40.92197065,0.0005,2024-07-05 20:40
2024-06-27,348.820,103.82617439,8970581.47,222.33798842,0.0025,2024-07-05 20:40
2024-06-28,352.002,103.82617439,8970581.47,1136.51667228,0.0127,2024-07-05 20:40
2024-06-29,355.302,103.82617439,8970581.47,275.62812844,0.0031,2024-07-05 20:40
2024-06-30,354.764,103.82617439,8970581.47,1900227.84983217,17.4801,2024-07-05 20:40
2024-07-01,361.084,103.82617439,8970581.47,1035989.55784155,10.3531,2024-07-05 20:40
2024-07-02,366.204,103.82617439,8970581.47,32880.18846574,0.3652,2024-07-05 20:40
2024-07-03,369.811,103.82617439,8970581.47,10762.38244315,0.1198,2024-07-05 20:40
2024-07-04,374.954,103.82617439,8970581.47,5714.98368765,0.0637,2024-07-05 20:40
2024-07-05,378.645,103.82617439,8900786.69,6998.79475541,0.0786,2024-07-05 20:40
2024-07-06,380.318,97.99885899,8467101.42,35965.10031514,0.4230,2024-08-05 06:47
2024-07-07,384.260,97.99885899,8467101.42,46357.07804734,0.5445,2024-08-05 06:47
2024-07-08,385.527,97.99885899,8467101.42,12053.63713044,0.1422,2024-08-05 06:47
2024-07-09,390.184,97.99885899,8467101.42,3976.60777973,0.0469,2024-08-05 06:47
2024-07-10,385.723,97.99885899,8467101.42,2495.39592561,0.0295,2024-08-05 06:47
2024-07-11,387.659,97.99885899,8467101.42,2444.27059874,0.0289,2024-08-05 06:47
2024-07-12,396.291,97.99885899,8467101.42,2504.73783458,0.0296,2024-08-05 06:47
2024-07-13,408.305,97.99885899,8467101.42,2015.89281487,0.0238,2024-08-05 06:47
2024-07-14,409.487,97.99885899,8467101.42,2233.44871477,0.0264,2024-08-05 06:47
2024-07-15,413.278,97.99885899,8467101.42,3018.91625179,0.0356,2024-08-05 06:47
2024-07-16,411.411,97.99885899,8467101.42,2434.55217036,0.0287,2024-08-05 06:47
2024-07-17,424.851,97.99885899,8467101.42,2310.56845835,0.0273,2024-08-05 06:47
2024-07-18,444.243,97.99885899,8467101.42,1822.51713840,0.0215,2024-08-05 06:47
2024-07-19,462.529,97.99885899,8467101.42,2019.16297438,0.0238,2024-08-05 06:47
2024-07-20,482.800,97.99885899,8467101.42,1956.49549086,0.0231,2024-08-05 06:47
2024-07-21,497.045,97.99885899,8467101.42,2042.77331434,0.0241,2024-08-05 06:47
2024-07-22,510.068,97.99885899,8467101.42,2384.72194797,0.0282,2024-08-05 06:47
2024-07-23,528.089,97.99885899,8467101.42,2342.36310311,0.0277,2024-08-05 06:47
2024-07-24,540.394,97.99885899,8467101.42,2089.79669681,0.0247,2024-08-05 06:47
2024-07-25,523.814,97.99885899,8467101.42,2032.35685230,0.0240,2024-08-05 06:47
2024-07-26,558.602,97.99885899,8467101.42,2151.79460150,0.0254,2024-08-05 06:47
2024-07-27,590.696,97.99885899,8467101.42,2013.30389984,0.0238,2024-08-05 06:47
2024-07-28,555.917,97.99885899,8467101.42,1790.16584247,0.0211,2024-08-05 06:47
2024-07-29,566.012,97.99885899,8467101.42,2521.87733772,0.0298,2024-08-05 06:47
2024-07-30,578.058,97.99885899,8467101.42,2827.72649784,0.0334,2024-08-05 06:47
2024-07-31,581.063,97.99885899,8467101.42,4441.43638461,0.0524,2024-08-05 06:47
2024-08-01,587.284,97.99885899,8467101.42,2796.26986713,0.0330,2024-08-05 06:47
2024-08-02,602.462,97.99885899,8467101.42,2673.60376389,0.0316,2024-08-05 06:47
2024-08-03,614.359,97.99885899,8467101.42,2477.48954137,0.0293,2024-08-05 06:47
2024-08-04,685.745,97.99885899,8467101.42,2282.13332517,0.0269,2024-08-05 06:47
2024-08-05,681.996,97.99885899,8126456.92,8728.62231363,0.1073,2024-08-05 06:47
2024-08-06,712.820,92.49860567,7991879.53,2961.79153165,0.0370,2024-09-04 16:41
2024-08-07,721.068,92.49860567,7991879.53,2230.90250410,0.0279,2024-09-04 16:41
2024-08-08,712.309,92.49860567,7991879.53,2206.85034630,0.0276,2024-09-04 16:41
2024-08-09,736.469,92.49860567,7991879.53,1881.02677959,0.0235,2024-09-04 16:41
2024-08-10,757.151,92.49860567,7991879.53,1671.81448987,0.0209,2024-09-04 16:41
2024-08-11,774.063,92.49860567,7991879.53,1749.47323005,0.0219,2024-09-04 16:41
2024-08-12,780.585,92.49860567,7991879.53,1746.40416367,0.0218,2024-09-04 16:41
2024-08-13,779.607,92.49860567,7991879.53,1635.35637922,0.0205,2024-09-04 16:41
2024-08-14,799.474,92.49860567,7991879.53,2102.05415586,0.0263,2024-09-04 16:41
2024-08-15,796.902,92.49860567,7991879.53,1889.98598225,0.0236,2024-09-04 16:41
2024-08-16,798.301,92.49860567,7991879.53,1954.29010745,0.0244,2024-09-04 16:41
2024-08-17,808.219,92.49860567,7991879.53,1736.76918770,0.0217,2024-09-04 16:41
2024-08-18,796.494,92.49860567,7991879.53,1873.42972996,0.0234,2024-09-04 16:41
2024-08-19,814.313,92.49860567,7991879.53,2130.28102044,0.0266,2024-09-04 16:41
2024-08-20,830.825,92.49860567,7991879.53,2610.67274633,0.0327,2024-09-04 16:41
2024-08-21,828.722,92.49860567,7991879.53,2011.76066697,0.0252,2024-09-04 16:41
2024-08-22,847.921,92.49860567,7991879.53,2390.81056553,0.0299,2024-09-04 16:41
2024-08-23,856.974,92.49860567,7991879.53,2085.36453917,0.0261,2024-09-04 16:41
2024-08-24,876.815,92.49860567,7991879.53,2191.50459621,0.0274,2024-09-04 16:41
2024-08-25,889.317,92.49860567,7991879.53,1768.31055340,0.0221,2024-09-04 16:41
2024-08-26,896.800,92.49860567,7991879.53,1962.47712970,0.0245,2024-09-04 16:41
2024-08-27,883.282,92.49860567,7991879.53,2206.92103717,0.0276,2024-09-04 16:41
2024-08-28,834.834,92.49860567,7991879.53,2281.78166468,0.0285,2024-09-04 16:41
2024-08-29,890.289,92.49860567,7991879.53,2515.31227694,0.0315,2024-09-04 16:41
2024-08-30,936.931,92.49860567,7991879.53,1889.56142559,0.0236,2024-09-04 16:41
2024-08-31,955.554,92.49860567,7991879.53,5078.67849205,0.0635,2024-09-04 16:41
2024-09-01,971.629,92.49860567,7991879.53,2041.35297371,0.0255,2024-09-04 16:41
2024-09-02,985.483,92.49860567,7991879.53,1680.85084295,0.0210,2024-09-04 16:41
2024-09-03,984.371,92.49860567,7991879.53,1844.33593810,0.0231,2024-09-04 16:41
2024-09-04,1012.446,92.49860567,7855315.64,2466.08718174,0.0314,2024-09-04 16:41
2024-09-05,1033.526,87.30705785,7543329.80,2345.07766682,0.0311,2024-10-05 02:30
2024-09-06,1038.253,87.30705785,7543329.80,2601.12032411,0.0345,2024-10-05 02:30
2024-09-07,1041.966,87.30705785,7543329.80,1864.48798488,0.0247,2024-10-05 02:30
2024-09-08,1056.375,87.30705785,7543329.80,1946.03249638,0.0258,2024-10-05 02:30
2024-09-09,1051.595,87.30705785,7543329.80,9554.09627460,0.1265,2024-10-05 02:30
2024-09-10,1056.575,87.30705785,7543329.80,7854.90442760,0.1040,2024-10-05 02:30
2024-09-11,1058.016,87.30705785,7543329.80,2151.73624134,0.0285,2024-10-05 02:30
2024-09-12,971.788,87.30705785,7543329.80,2703.27459382,0.0358,2024-10-05 02:30
2024-09-13,1016.840,87.30705785,7543329.80,4835.15143011,0.0641,2024-10-05 02:30
2024-09-14,1081.816,87.30705785,7543329.80,119741.01761035,1.5626,2024-10-05 02:30
2024-09-15,1092.272,87.30705785,7543329.80,21350453.90666420,73.8929,2024-10-05 02:30
2024-09-16,1087.326,87.30705785,7543329.80,8663860.49769954,53.4569,2024-10-05 02:30
2024-09-17,1087.337,87.30705785,7543329.80,1705818.49331797,18.4430,2024-10-05 02:30
2024-09-18,1090.181,87.30705785,7543329.80,1589622.48706604,17.4054,2024-10-05 02:30
2024-09-19,1006.973,87.30705785,7543329.80,1430262.48811642,15.9386,2024-10-05 02:30
2024-09-20,1001.804,87.30705785,7543329.80,1691701.07207123,18.3183,2024-10-05 02:30
2024-09-21,941.157,87.30705785,7543329.80,1465820.71554980,16.2704,2024-10-05 02:30
2024-09-22,1048.665,87.30705785,7543329.80,497312.76639024,6.1850,2024-10-05 02:30
2024-09-23,1051.813,87.30705785,7543329.80,524436.34772579,6.5004,2024-10-05 02:30
2024-09-24,1064.302,87.30705785,7543329.80,2950797.86751711,28.1186,2024-10-05 02:30
2024-09-25,1073.875,87.30705785,7543329.80,328480.79909017,4.1729,2024-10-05 02:30
2024-09-26,1085.696,87.30705785,7543329.80,2733945.00908660,26.6018,2024-10-05 02:30
2024-09-27,1075.457,87.30705785,7543329.80,594190.02513560,7.3019,2024-10-05 02:30
2024-09-28,1082.857,87.30705785,7543329.80,275552.08685193,3.5242,2024-10-05 02:30
2024-09-29,1096.252,87.30705785,7543329.80,75584.81194739,0.9921,2024-10-05 02:30
2024-09-30,1095.523,87.30705785,7543329.80,711889.69265765,8.6235,2024-10-05 02:30
2024-10-01,1113.029,87.30705785,7543329.80,39318.74966321,0.5185,2024-10-05 02:30
2024-10-02,1115.958,87.30705785,7543329.80,66076.71398068,0.8684,2024-10-05 02:30
2024-10-03,1120.892,87.30705785,7543329.80,234451.11876465,3.0144,2024-10-05 02:30
2024-10-04,1130.169,87.30705785,7543329.80,57921.07584594,0.7620,2024-10-05 02:30
2024-10-05,1130.540,87.30705785,7164334.99,848194.51831903,10.5859,2024-10-05 02:30
2024-10-06,1142.915,82.40688922,7119955.23,90179.18723807,1.2507,2024-11-04 08:42
2024-10-07,1131.854,82.40688922,7119955.23,290393.39746555,3.9188,2024-11-04 08:42
2024-10-08,1134.665,82.40688922,7119955.23,181671.53522878,2.4881,2024-11-04 08:42
2024-10-09,1156.214,82.40688922,7119955.23,140883.20416086,1.9403,2024-11-04 08:42
2024-10-10,1160.964,82.40688922,7119955.23,112482.56418364,1.5553,2024-11-04 08:42
2024-10-11,1155.820,82.40688922,7119955.23,482204.29712132,6.3430,2024-11-04 08:42
2024-10-12,1104.487,82.40688922,7119955.23,129767.43324171,1.7900,2024-11-04 08:42
2024-10-13,1080.507,82.40688922,7119955.23,853763.67156899,10.7072,2024-11-04 08:42
2024-10-14,1075.997,82.40688922,7119955.23,95057.60335146,1.3175,2024-11-04 08:42
2024-10-15,1124.588,82.40688922,7119955.23,218775.11222898,2.9811,2024-11-04 08:42
2024-10-16,1152.864,82.40688922,7119955.23,940658.11415093,11.6698,2024-11-04 08:42
2024-10-17,1159.692,82.40688922,7119955.23,62655.57159809,0.8723,2024-11-04 08:42
2024-10-18,1170.898,82.40688922,7119955.23,1372640.52781406,16.1628,2024-11-04 08:42
2024-10-19,1181.338,82.40688922,7119955.23,1648937.17196904,18.8044,2024-11-04 08:42
2024-10-20,1182.726,82.40688922,7119955.23,2598772.00546432,26.7398,2024-11-04 08:42
2024-10-21,1173.050,82.40688922,7119955.23,2604234.19750333,26.7810,2024-11-04 08:42
2024-10-22,1153.061,82.40688922,7119955.23,24491127.17419012,77.4764,2024-11-04 08:42
2024-10-23,1144.741,82.40688922,7119955.23,1465042.10574246,17.0651,2024-11-04 08:42
2024-10-24,1149.108,82.40688922,7119955.23,4285257.16030237,37.5728,2024-11-04 08:42
2024-10-25,1160.164,82.40688922,7119955.23,1670649.93366282,19.0049,2024-11-04 08:42
2024-10-26,1189.953,82.40688922,7119955.23,854814.63641229,10.7190,2024-11-04 08:42
2024-10-27,1193.982,82.40688922,7119955.23,2208394.73710408,23.6740,2024-11-04 08:42
2024-10-28,1201.937,82.40688922,7119955.23,3500045.02352854,32.9571,2024-11-04 08:42
2024-10-29,1226.035,82.40688922,7119955.23,120439.18246281,1.6634,2024-11-04 08:42
2024-10-30,1254.258,82.40688922,7119955.23,2195765.87210904,23.5705,2024-11-04 08:42
2024-10-31,1255.776,82.40688922,7119955.23,516448.46828513,6.7630,2024-11-04 08:42
2024-11-01,1287.963,82.40688922,7119955.23,1203405.33833404,14.4582,2024-11-04 08:42
2024-11-02,1300.272,82.40688922,7119955.23,737645.17507686,9.3877,2024-11-04 08:42
2024-11-03,1311.926,82.40688922,7119955.23,1301295.81051259,15.4525,2024-11-04 08:42
2024-11-04,1300.990,82.40688922,6865376.77,3597813.69843115,34.3854,2024-11-04 08:42
2024-11-05,1308.370,77.78174593,6720342.85,656387.26899501,8.8981,2024-12-04 18:44
2024-11-06,1314.868,77.78174593,6720342.85,330823.38877140,4.6918,2024-12-04 18:44
2024-11-07,1286.748,77.78174593,6720342.85,773575.97972557,10.3227,2024-12-04 18:44
2024-11-08,1302.140,77.78174593,6720342.85,108541.39135458,1.5894,2024-12-04 18:44
2024-11-09,1326.892,77.78174593,6720342.85,232198.40778663,3.3398,2024-12-04 18:44
2024-11-10,1318.972,77.78174593,6720342.85,38529.06695509,0.5701,2024-12-04 18:44
2024-11-11,1297.459,77.78174593,6720342.85,242889.11442027,3.4882,2024-12-04 18:44
2024-11-12,1330.291,77.78174593,6720342.85,20891.33194930,0.3099,2024-12-04 18:44
2024-11-13,1316.152,77.78174593,6720342.85,48587.57948017,0.7178,2024-12-04 18:44
2024-11-14,1312.385,77.78174593,6720342.85,45037.83486920,0.6657,2024-12-04 18:44
2024-11-15,1325.338,77.78174593,6720342.85,86319.05023380,1.2682,2024-12-04 18:44
2024-11-16,1317.155,77.78174593,6720342.85,105854.85553863,1.5507,2024-12-04 18:44
2024-11-17,1313.195,77.78174593,6720342.85,143116.56762739,2.0852,2024-12-04 18:44
2024-11-18,1308.113,77.78174593,6720342.85,186821.49309118,2.7047,2024-12-04 18:44
2024-11-19,1317.316,77.78174593,6720342.85,706029.15721749,9.5071,2024-12-04 18:44
2024-11-20,1297.643,77.78174593,6720342.85,81166.22226401,1.1934,2024-12-04 18:44
2024-11-21,1275.858,77.78174593,6720342.85,548974.45675811,7.5519,2024-12-04 18:44
2024-11-22,1289.275,77.78174593,6720342.85,328350.55606749,4.6583,2024-12-04 18:44
2024-11-23,1299.743,77.78174593,6720342.85,1119193.42960249,14.2763,2024-12-04 18:44
2024-11-24,1321.169,77.78174593,6720342.85,1369212.09464597,16.9257,2024-12-04 18:44
2024-11-25,1312.862,77.78174593,6720342.85,1834331.00462882,21.4424,2024-12-04 18:44
2024-11-26,1315.888,77.78174593,6720342.85,1328705.74524588,16.5076,2024-12-04 18:44
2024-11-27,1314.410,77.78174593,6720342.85,1028806.48001351,13.2764,2024-12-04 18:44
2024-11-28,1320.793,77.78174593,6720342.85,1056933.27068033,13.5900,2024-12-04 18:44
2024-11-29,1311.058,77.78174593,6720342.85,2676494.51684386,28.4829,2024-12-04 18:44
2024-11-30,1310.438,77.78174593,6720342.85,1198688.60918430,15.1368,2024-12-04 18:44
2024-12-01,1302.739,77.78174593,6720342.85,612067.20833698,8.3474,2024-12-04 18:44
2024-12-02,1302.065,77.78174593,6720342.85,1258114.83066087,15.7689,2024-12-04 18:44
2024-12-03,1284.443,77.78174593,6720342.85,889610.60863206,11.6901,2024-12-04 18:44
2024-12-04,1328.963,77.78174593,6637800.15,857326.79512482,11.4385,2024-12-04 18:44
2024-12-05,1312.431,73.41619197,6343158.99,1618959.40617119,20.3333,2025-01-04 05:03
2024-12-06,1310.315,73.41619197,6343158.99,574336.61927504,8.3027,2025-01-04 05:03
2024-12-07,1336.104,73.41619197,6343158.99,409517.56735298,6.0645,2025-01-04 05:03
2024-12-08,1351.923,73.41619197,6343158.99,245993.49763381,3.7333,2025-01-04 05:03
2024-12-09,1340.645,73.41619197,6343158.99,750290.13078602,10.5772,2025-01-04 05:03
2024-12-10,1138.325,73.41619197,6343158.99,789015.81638134,11.0628,2025-01-04 05:03
2024-12-11,1141.002,73.41619197,6343158.99,532067.77807075,7.7389,2025-01-04 05:03
2024-12-12,1280.072,73.41619197,6343158.99,160116.15357917,2.4621,2025-01-04 05:03
2024-12-13,1354.791,73.41619197,6343158.99,756552.48046717,10.6561,2025-01-04 05:03
2024-12-14,1399.172,73.41619197,6343158.99,276864.42551304,4.1822,2025-01-04 05:03
2024-12-15,1380.049,73.41619197,6343158.99,414389.91844062,6.1323,2025-01-04 05:03
2024-12-16,1409.359,73.41619197,6343158.99,364680.08175510,5.4366,2025-01-04 05:03
2024-12-17,1380.459,73.41619197,6343158.99,465171.30558628,6.8324,2025-01-04 05:03
2024-12-18,1420.680,73.41619197,6343158.99,579963.12599853,8.3772,2025-01-04 05:03
2024-12-19,1433.152,73.41619197,6343158.99,343291.32010788,5.1341,2025-01-04 05:03
2024-12-20,1435.291,73.41619197,6343158.99,97699.25668386,1.5169,2025-01-04 05:03
2024-12-21,1418.038,73.41619197,6343158.99,80278.42094464,1.2498,2025-01-04 05:03
2024-12-22,1435.597,73.41619197,6343158.99,390383.24161080,5.7976,2025-01-04 05:03
2024-12-23,1427.251,73.41619197,6343158.99,102456.05214732,1.5895,2025-01-04 05:03
2024-12-24,1450.464,73.41619197,6343158.99,41517.79185154,0.6503,2025-01-04 05:03
2024-12-25,1441.484,73.41619197,6343158.99,156557.93953892,2.4087,2025-01-04 05:03
2024-12-26,1457.034,73.41619197,6343158.99,441202.88248892,6.5032,2025-01-04 05:03
2024-12-27,1451.923,73.41619197,6343158.99,340492.74494149,5.0944,2025-01-04 05:03
2024-12-28,1470.689,73.41619197,6343158.99,557262.13085398,8.0758,2025-01-04 05:03
2024-12-29,1480.736,73.41619197,6343158.99,77150.69317687,1.2017,2025-01-04 05:03
2024-12-30,1484.117,73.41619197,6343158.99,135081.49462294,2.0852,2025-01-04 05:03
2024-12-31,1454.131,73.41619197,6343158.99,181373.98620902,2.7799,2025-01-04 05:03
2025-01-01,1443.739,73.41619197,6343158.99,468272.22614075,6.8748,2025-01-04 05:03
2025-01-02,1448.968,73.41619197,6343158.99,118546.54938191,1.8346,2025-01-04 05:03
2025-01-03,1441.962,73.41619197,6343158.99,153948.29118053,2.3695,2025-01-04 05:03
2025-01-04,1426.784,73.41619197,6062122.44,177253.86745339,2.8409,2025-01-04 05:03
2025-01-05,1443.279,69.29565774,5987144.83,39561.55772170,0.6564,2025-02-03 15:21
2025-01-06,1411.749,69.29565774,5987144.83,28960.39414611,0.4814,2025-02-03 15:21
2025-01-07,1393.119,69.29565774,5987144.83,20042.12691761,0.3336,2025-02-03 15:21
2025-01-08,1374.065,69.29565774,5987144.83,33526.96197349,0.5569,2025-02-03 15:21
2025-01-09,1328.392,69.29565774,5987144.83,50015.71081044,0.8285,2025-02-03 15:21
2025-01-10,1338.243,69.29565774,5987144.83,24746.48384144,0.4116,2025-02-03 15:21
2025-01-11,1297.864,69.29565774,5987144.83,42202.81544118,0.7000,2025-02-03 15:21
2025-01-12,1290.374,69.29565774,5987144.83,54726.10339882,0.9058,2025-02-03 15:21
2025-01-13,1286.520,69.29565774,5987144.83,64918.60206099,1.0727,2025-02-03 15:21
2025-01-14,1285.141,69.29565774,5987144.83,341708.76189151,5.3992,2025-02-03 15:21
2025-01-15,1272.146,69.29565774,5987144.83,71618.32635912,1.1821,2025-02-03 15:21
2025-01-16,1363.027,69.29565774,5987144.83,170871.30877070,2.7748,2025-02-03 15:21
2025-01-17,1435.136,69.29565774,5987144.83,34095.56682219,0.5663,2025-02-03 15:21
2025-01-18,1433.152,69.29565774,5987144.83,119841.58645265,1.9624,2025-02-03 15:21
2025-01-19,1387.171,69.29565774,5987144.83,81679.05064528,1.3459,2025-02-03 15:21
2025-01-20,1265.117,69.29565774,5987144.83,46523.00286924,0.7711,2025-02-03 15:21
2025-01-21,1265.576,69.29565774,5987144.83,13895.54344776,0.2316,2025-02-03 15:21
2025-01-22,1274.213,69.29565774,5987144.83,170828.70624970,2.7741,2025-02-03 15:21
2025-01-23,1340.028,69.29565774,5987144.83,16503.37636334,0.2749,2025-02-03 15:21
2025-01-24,1351.928,69.29565774,5987144.83,10489.53506724,0.1749,2025-02-03 15:21
2025-01-25,1395.562,69.29565774,5987144.83,48309.00271502,0.8004,2025-02-03 15:21
2025-01-26,1443.604,69.29565774,5987144.83,82283.48831912,1.3557,2025-02-03 15:21
2025-01-27,1443.087,69.29565774,5987144.83,23024.54822819,0.3831,2025-02-03 15:21
2025-01-28,1453.213,69.29565774,5987144.83,8003.51518562,0.1335,2025-02-03 15:21
2025-01-29,1471.589,69.29565774,5987144.83,14565.49833349,0.2427,2025-02-03 15:21
2025-01-30,1463.379,69.29565774,5987144.83,147351.66505410,2.4020,2025-02-03 15:21
2025-01-31,1481.040,69.29565774,5987144.83,66635.81985878,1.1007,2025-02-03 15:21
2025-02-01,1464.802,69.29565774,5987144.83,,,2025-02-03 15:21
2025-02-02,1475.011,69.29565774,5987144.83,,,2025-02-03 15:21
2025-02-03,1462.009,69.29565774,5866167.76,,,2025-02-03 15:21
2025-02-04,1420.632,65.40639132,5651112.21,,,2025-03-06 01:42
2025-02-05,1421.715,65.40639132,5651112.21,,,2025-03-06 01:42
2025-02-06,1421.714,65.40639132,5651112.21,,,2025-03-06 01:42
2025-02-07,1381.841,65.40639132,5651112.21,18882.50055328,0.3330,2025-03-06 01:42
2025-02-08,1393.473,65.40639132,5651112.21,26235.19461543,0.4621,2025-03-06 01:42
2025-02-09,1408.425,65.40639132,5651112.21,13425.33695111,0.2370,2025-03-06 01:42
2025-02-10,1365.539,65.40639132,5651112.21,14788.25918516,0.2610,2025-03-06 01:42
2025-02-11,1362.459,65.40639132,5651112.21,19195.55497641,0.3385,2025-03-06 01:42
2025-02-12,1373.053,65.40639132,5651112.21,17318.01070153,0.3055,2025-03-06 01:42
2025-02-13,1371.191,65.40639132,5651112.21,15414.52013862,0.2720,2025-03-06 01:42
2025-02-14,1322.675,65.40639132,5651112.21,13331.72972324,0.2354,2025-03-06 01:42
2025-02-15,1359.588,65.40639132,5651112.21,18510.99936747,0.3265,2025-03-06 01:42
2025-02-16,1409.674,65.40639132,5651112.21,19962.36000261,0.3520,2025-03-06 01:42
2025-02-17,1334.402,65.40639132,5651112.21,20777.27846666,0.3663,2025-03-06 01:42
2025-02-18,1272.865,65.40639132,5651112.21,14885.03737231,0.2627,2025-03-06 01:42
2025-02-19,1134.911,65.40639132,5651112.21,15991.73884505,0.2822,2025-03-06 01:42
2025-02-20,1087.902,65.40639132,5651112.21,16121.60398137,0.2845,2025-03-06 01:42
2025-02-21,1283.680,65.40639132,5651112.21,11348.49989305,0.2004,2025-03-06 01:42
2025-02-22,1368.449,65.40639132,5651112.21,9629.02021474,0.1701,2025-03-06 01:42
2025-02-23,1381.315,65.40639132,5651112.21,9932.31488651,0.1755,2025-03-06 01:42
2025-02-24,1369.930,65.40639132,5651112.21,11956.13891822,0.2111,2025-03-06 01:42
2025-02-25,1361.133,65.40639132,5651112.21,17853.08226169,0.3149,2025-03-06 01:42
2025-02-26,1335.592,65.40639132,5651112.21,7122.94213040,0.1259,2025-03-06 01:42
2025-02-27,1327.884,65.40639132,5651112.21,10242.51311808,0.1809,2025-03-06 01:42
2025-02-28,1370.335,65.40639132,5651112.21,18356.30155900,0.3238,2025-03-06 01:42
2025-03-01,1329.130,65.40639132,5651112.21,7072.07355777,0.1250,2025-03-06 01:42
2025-03-02,1364.497,65.40639132,5651112.21,17084.32586746,0.3014,2025-03-06 01:42
2025-03-03,1339.944,65.40639132,5651112.21,48256.28556546,0.8467,2025-03-06 01:42
2025-03-04,1333.473,65.40639132,5651112.21,11636.56936870,0.2055,2025-03-06 01:42
2025-03-05,1277.747,65.40639132,5651112.21,14505.04060387,0.2560,2025-03-06 01:42
2025-03-06,1313.821,65.40639132,5356406.64,10852.16458364,0.2022,2025-03-06 01:42
2025-03-07,1316.724,61.73541265,5333939.65,8705.56991226,0.1629,2025-04-05 13:07
2025-03-08,1323.941,61.73541265,5333939.65,7306.90411772,0.1368,2025-04-05 13:07
2025-03-09,1319.622,61.73541265,5333939.65,7326.58701661,0.1372,2025-04-05 13:07
2025-03-10,1273.634,61.73541265,5333939.65,8721.72881812,0.1632,2025-04-05 13:07
2025-03-11,1257.852,61.73541265,5333939.65,14320.28419356,0.2678,2025-04-05 13:07
2025-03-12,1251.641,61.73541265,5333939.65,10479.45645942,0.1961,2025-04-05 13:07
2025-03-13,1254.839,61.73541265,5333939.65,9174.29921029,0.1717,2025-04-05 13:07
2025-03-14,1240.411,61.73541265,5333939.65,9018.12328148,0.1688,2025-04-05 13:07
2025-03-15,1226.879,61.73541265,5333939.65,9544.25692083,0.1786,2025-04-05 13:07
2025-03-16,1173.100,61.73541265,5333939.65,9366.52700694,0.1753,2025-04-05 13:07
2025-03-17,1148.442,61.73541265,5333939.65,5657.02946835,0.1059,2025-04-05 13:07
2025-03-18,1188.095,61.73541265,5333939.65,5553.67560974,0.1040,2025-04-05 13:07
2025-03-19,1162.457,61.73541265,5333939.65,8797.46106157,0.1647,2025-04-05 13:07
2025-03-20,1158.202,61.73541265,5333939.65,7599.09270222,0.1423,2025-04-05 13:07
2025-03-21,1205.887,61.73541265,5333939.65,998180.34596331,15.7638,2025-04-05 13:07
2025-03-22,1198.363,61.73541265,5333939.65,95927.58441476,1.7667,2025-04-05 13:07
2025-03-23,1179.085,61.73541265,5333939.65,3623.46136096,0.0679,2025-04-05 13:07
2025-03-24,1191.844,61.73541265,5333939.65,3594.33747387,0.0673,2025-04-05 13:07
2025-03-25,1150.392,61.73541265,5333939.65,3378.51244455,0.0633,2025-04-05 13:07
2025-03-26,1157.623,61.73541265,5333939.65,7303.37958112,0.1367,2025-04-05 13:07
2025-03-27,1164.212,61.73541265,5333939.65,3132.28367439,0.0587,2025-04-05 13:07
2025-03-28,1168.658,61.73541265,5333939.65,8785.14943986,0.1644,2025-04-05 13:07
2025-03-29,1179.831,61.73541265,5333939.65,22303.77885695,0.4164,2025-04-05 13:07
2025-03-30,1167.740,61.73541265,5333939.65,4380.00998810,0.0820,2025-04-05 13:07
2025-03-31,1148.332,61.73541265,5333939.65,4833.12973696,0.0905,2025-04-05 13:07
2025-04-01,1117.368,61.73541265,5333939.65,20486.56820260,0.3826,2025-04-05 13:07
2025-04-02,1083.673,61.73541265,5333939.65,116475.55304139,2.1370,2025-04-05 13:07
2025-04-03,1039.985,61.73541265,5333939.65,10880.17979911,0.2036,2025-04-05 13:07
2025-04-04,1049.286,61.73541265,5333939.65,12921.24367510,0.2417,2025-04-05 13:07
2025-04-05,1100.291,61.73541265,5198249.20,21218.71634351,0.4065,2025-04-05 13:07
2025-04-06,1070.919,58.27047018,5034568.62,8350.78677307,0.1656,2025-05-05 23:17
2025-04-07,890.680,58.27047018,5034568.62,12763.81554897,0.2529,2025-05-05 23:17
2025-04-08,882.468,58.27047018,5034568.62,10065.81683053,0.1995,2025-05-05 23:17
2025-04-09,867.874,58.27047018,5034568.62,6347.85351204,0.1259,2025-05-05 23:17
2025-04-10,869.932,58.27047018,5034568.62,9429.88582825,0.1870,2025-05-05 23:17
2025-04-11,864.509,58.27047018,5034568.62,9506.92028570,0.1885,2025-05-05 23:17
2025-04-12,908.796,58.27047018,5034568.62,2331.87068125,0.0463,2025-05-05 23:17
2025-04-13,1003.999,58.27047018,5034568.62,12915.26443201,0.2559,2025-05-05 23:17
2025-04-14,1000.310,58.27047018,5034568.62,9490.05694450,0.1881,2025-05-05 23:17
2025-04-15,980.687,58.27047018,5034568.62,11943.39679985,0.2367,2025-05-05 23:17
2025-04-16,1021.747,58.27047018,5034568.62,15831.96417338,0.3135,2025-05-05 23:17
2025-04-17,1022.318,58.27047018,5034568.62,13620.33942657,0.2698,2025-05-05 23:17
2025-04-18,1033.470,58.27047018,5034568.62,14601.50993656,0.2892,2025-05-05 23:17
2025-04-19,1045.066,58.27047018,5034568.62,12196.15862346,0.2417,2025-05-05 23:17
2025-04-20,1054.169,58.27047018,5034568.62,19306.29960192,0.3820,2025-05-05 23:17
2025-04-21,1002.253,58.27047018,5034568.62,18254.05838885,0.3613,2025-05-05 23:17
2025-04-22,1004.893,58.27047018,5034568.62,17666.97697832,0.3497,2025-05-05 23:17
2025-04-23,1017.160,58.27047018,5034568.62,28068.40197406,0.5544,2025-05-05 23:17
2025-04-24,962.613,58.27047018,5034568.62,15781.69262090,0.3125,2025-05-05 23:17
2025-04-25,1014.168,58.27047018,5034568.62,16024.34364208,0.3173,2025-05-05 23:17
2025-04-26,1018.091,58.27047018,5034568.62,13374.36007709,0.2649,2025-05-05 23:17
2025-04-27,1039.167,58.27047018,5034568.62,6578.59228165,0.1305,2025-05-05 23:17
2025-04-28,1043.451,58.27047018,5034568.62,10905.44771787,0.2161,2025-05-05 23:17
2025-04-29,1037.823,58.27047018,5034568.62,15519.83524606,0.3073,2025-05-05 23:17
2025-04-30,1035.951,58.27047018,5034568.62,10713.09772562,0.2123,2025-05-05 23:17
2025-05-01,1043.301,58.27047018,5034568.62,7484.14820086,0.1484,2025-05-05 23:17
2025-05-02,1044.243,58.27047018,5034568.62,10058.26176969,0.1994,2025-05-05 23:17
2025-05-03,1086.227,58.27047018,5034568.62,17923.04221434,0.3547,2025-05-05 23:17
2025-05-04,1072.513,58.27047018,5034568.62,12597.65601004,0.2496,2025-05-05 23:17
2025-05-05,1040.753,58.27047018,5026319.65,6095.00629484,0.1211,2025-05-05 23:17
2025-05-06,977.323,5.50000000,4752000.00,10816.25720913,0.2271,2025-06-05 09:16
2025-05-07,961.277,5.50000000,4752000.00,12153.51353079,0.2551,2025-06-05 09:16
2025-05-08,973.878,5.50000000,4752000.00,7488.75982191,0.1573,2025-06-05 09:16
2025-05-09,964.597,5.50000000,4752000.00,6650.51600990,0.1398,2025-06-05 09:16
2025-05-10,1019.973,5.50000000,4752000.00,3179.42294300,0.0669,2025-06-05 09:16
2025-05-11,1052.430,5.50000000,4752000.00,26801.45427410,0.5608,2025-06-05 09:16
2025-05-12,1069.406,5.50000000,4752000.00,15879.92401622,0.3331,2025-06-05 09:16
2025-05-13,1056.650,5.50000000,4752000.00,12876.84482146,0.2702,2025-06-05 09:16
2025-05-14,1112.951,5.50000000,4752000.00,6153.13265627,0.1293,2025-06-05 09:16
2025-05-15,1096.623,5.50000000,4752000.00,8487.64931072,0.1783,2025-06-05 09:16
2025-05-16,1091.021,5.50000000,4752000.00,20668.41450435,0.4331,2025-06-05 09:16
2025-05-17,1074.317,5.50000000,4752000.00,13400.09519411,0.2812,2025-06-05 09:16
2025-05-18,1133.536,5.50000000,4752000.00,7246.79406099,0.1523,2025-06-05 09:16
2025-05-19,1115.324,5.50000000,4752000.00,13489.01406464,0.2831,2025-06-05 09:16
2025-05-20,1107.594,5.50000000,4752000.00,12030.96735255,0.2525,2025-06-05 09:16
2025-05-21,1073.799,5.50000000,4752000.00,13821.00412791,0.2900,2025-06-05 09:16
2025-05-22,1103.422,5.50000000,4752000.00,12332.41511231,0.2588,2025-06-05 09:16
2025-05-23,1094.585,5.50000000,4752000.00,25160.42888415,0.5267,2025-06-05 09:16
2025-05-24,1064.416,5.50000000,4752000.00,31548.33785684,0.6595,2025-06-05 09:16
2025-05-25,1072.933,5.50000000,4752000.00,9862.23603867,0.2071,2025-06-05 09:16
2025-05-26,1092.742,5.50000000,4752000.00,17899.68496379,0.3753,2025-06-05 09:16
2025-05-27,1047.071,5.50000000,4752000.00,10836.25414523,0.2275,2025-06-05 09:16
2025-05-28,992.699,5.50000000,4752000.00,8612.67060269,0.1809,2025-06-05 09:16
2025-05-29,1023.119,5.50000000,4752000.00,7906.78233007,0.1661,2025-06-05 09:16
2025-05-30,1033.341,5.50000000,4752000.00,9322.38623104,0.1958,2025-06-05 09:16
2025-05-31,1023.436,5.50000000,4752000.00,10260.43870244,0.2155,2025-06-05 09:16
2025-06-01,1113.924,5.50000000,4752000.00,17481.96455844,0.3665,2025-06-05 09:16
2025-06-02,1073.901,5.50000000,4752000.00,50454.36549545,1.0506,2025-06-05 09:16
2025-06-03,1074.813,5.50000000,4752000.00,8891.69220252,0.1868,2025-06-05 09:16
2025-06-04,1084.703,5.50000000,4752000.00,8019.52217838,0.1685,2025-06-05 09:16
2025-06-05,1069.845,5.50000000,4588312.07,7571.37577323,0.1647,2025-06-05 09:16
2025-06-06,1017.871,5.19130872,4485290.73,4378.04019250,0.0975,2025-07-05 18:49
2025-06-07,998.515,5.19130872,4485290.73,5367.59277325,0.1195,2025-07-05 18:49
2025-06-08,949.100,5.19130872,4485290.73,15354.99230558,0.3412,2025-07-05 18:49
2025-06-09,956.104,5.19130872,4485290.73,20333.58760328,0.4513,2025-07-05 18:49
2025-06-10,956.768,5.19130872,4485290.73,14270.67025174,0.3172,2025-07-05 18:49
2025-06-11,962.345,5.19130872,4485290.73,9244.78098212,0.2057,2025-07-05 18:49
2025-06-12,963.825,5.19130872,4485290.73,28853.56964979,0.6392,2025-07-05 18:49
2025-06-13,949.576,5.19130872,4485290.73,21980.62139977,0.4877,2025-07-05 18:49
2025-06-14,946.125,5.19130872,4485290.73,33659.33481064,0.7448,2025-07-05 18:49
2025-06-15,949.667,5.19130872,4485290.73,28799.66293790,0.6380,2025-07-05 18:49
2025-06-16,948.299,5.19130872,4485290.73,33667.12516646,0.7450,2025-07-05 18:49
2025-06-17,923.449,5.19130872,4485290.73,49499.85464821,1.0916,2025-07-05 18:49
2025-06-18,915.400,5.19130872,4485290.73,28596.36179279,0.6335,2025-07-05 18:49
2025-06-19,895.761,5.19130872,4485290.73,32105.53090303,0.7107,2025-07-05 18:49
2025-06-20,913.633,5.19130872,4485290.73,293679.60690235,6.1452,2025-07-05 18:49
2025-06-21,930.026,5.19130872,4485290.73,80510.58092880,1.7633,2025-07-05 18:49
2025-06-22,943.091,5.19130872,4485290.73,22996.60818271,0.5101,2025-07-05 18:49
2025-06-23,858.013,5.19130872,4485290.73,27980.87668731,0.6200,2025-07-05 18:49
2025-06-24,875.068,5.19130872,4485290.73,37068.18747157,0.8197,2025-07-05 18:49
2025-06-25,888.597,5.19130872,4485290.73,6535.02320452,0.1455,2025-07-05 18:49
2025-06-26,919.827,5.19130872,4485290.73,8522.61667356,0.1897,2025-07-05 18:49
2025-06-27,899.977,5.19130872,4485290.73,3583.31301710,0.0798,2025-07-05 18:49
2025-06-28,902.344,5.19130872,4485290.73,5314.62186242,0.1183,2025-07-05 18:49
2025-06-29,927.924,5.19130872,4485290.73,6009.67786728,0.1338,2025-07-05 18:49
2025-06-30,853.506,5.19130872,4485290.73,19700.95136946,0.4373,2025-07-05 18:49
2025-07-01,835.853,5.19130872,4485290.73,6374.43109794,0.1419,2025-07-05 18:49
2025-07-02,823.668,5.19130872,4485290.73,6193.99223145,0.1379,2025-07-05 18:49
2025-07-03,843.422,5.19130872,4485290.73,5273.46177966,0.1174,2025-07-05 18:49
2025-07-04,841.426,5.19130872,4485290.73,7131.64990840,0.1587,2025-07-05 18:49
2025-07-05,854.271,5.19130872,4430960.67,7862.32536582,0.1771,2025-07-05 18:49
2025-07-06,852.384,4.89994295,4233550.71,2891.82822574,0.0683,2025-08-05 01:25
2025-07-07,821.481,4.89994295,4233550.71,9811.30628570,0.2312,2025-08-05 01:25
2025-07-08,797.073,4.89994295,4233550.71,13860.22892510,0.3263,2025-08-05 01:25
2025-07-09,811.568,4.89994295,4233550.71,10739.90874654,0.2530,2025-08-05 01:25
2025-07-10,848.214,4.89994295,4233550.71,10444.86048162,0.2461,2025-08-05 01:25
2025-07-11,867.694,4.89994295,4233550.71,4757.37531501,0.1122,2025-08-05 01:25
2025-07-12,874.148,4.89994295,4233550.71,4366.25399111,0.1030,2025-08-05 01:25
2025-07-13,857.712,4.89994295,4233550.71,30310.47037713,0.7109,2025-08-05 01:25
2025-07-14,848.720,4.89994295,4233550.71,5481.84439060,0.1293,2025-08-05 01:25
2025-07-15,800.743,4.89994295,4233550.71,3512.54466820,0.0829,2025-08-05 01:25
2025-07-16,842.475,4.89994295,4233550.71,5127.18278494,0.1210,2025-08-05 01:25
2025-07-17,840.942,4.89994295,4233550.71,16552.11464824,0.3895,2025-08-05 01:25
2025-07-18,864.860,4.89994295,4233550.71,14894.20607872,0.3506,2025-08-05 01:25
2025-07-19,879.856,4.89994295,4233550.71,8550.31933180,0.2016,2025-08-05 01:25
2025-07-20,878.413,4.89994295,4233550.71,6234.09663184,0.1470,2025-08-05 01:25
2025-07-21,852.912,4.89994295,4233550.71,6395.38672198,0.1508,2025-08-05 01:25
2025-07-22,851.863,4.89994295,4233550.71,4389.42586323,0.1036,2025-08-05 01:25
2025-07-23,841.620,4.89994295,4233550.71,5542.33462101,0.1307,2025-08-05 01:25
2025-07-24,815.413,4.89994295,4233550.71,4322.31143940,0.1020,2025-08-05 01:25
2025-07-25,812.331,4.89994295,4233550.71,4339.86517178,0.1024,2025-08-05 01:25
2025-07-26,831.839,4.89994295,4233550.71,3885.98969381,0.0917,2025-08-05 01:25
2025-07-27,841.814,4.89994295,4233550.71,6848.67138350,0.1615,2025-08-05 01:25
2025-07-28,757.503,4.89994295,4233550.71,3354.26235650,0.0792,2025-08-05 01:25
2025-07-29,743.047,4.89994295,4233550.71,4130.50454817,0.0975,2025-08-05 01:25
2025-07-30,728.248,4.89994295,4233550.71,4603.05075295,0.1086,2025-08-05 01:25
2025-07-31,732.543,4.89994295,4233550.71,4822.25372033,0.1138,2025-08-05 01:25
2025-08-01,700.079,4.89994295,4233550.71,22478.98728561,0.5282,2025-08-05 01:25
2025-08-02,732.429,4.89994295,4233550.71,12370.63133915,0.2914,2025-08-05 01:25
2025-08-03,730.883,4.89994295,4233550.71,9243.97426006,0.2179,2025-08-05 01:25
2025-08-04,722.827,4.89994295,4233550.71,18326.73692422,0.4310,2025-08-05 01:25
2025-08-05,711.582,4.89994295,4010126.50,25254.79451152,0.6258,2025-08-05 01:25
2025-08-06,688.660,4.62493029,3995939.77,5181.67534575,0.1295,2025-09-04 11:54
2025-08-07,661.794,4.62493029,3995939.77,5148.95978446,0.1287,2025-09-04 11:54
2025-08-08,675.714,4.62493029,3995939.77,26948.58750561,0.6699,2025-09-04 11:54
2025-08-09,698.877,4.62493029,3995939.77,5176.70100097,0.1294,2025-09-04 11:54
2025-08-10,709.252,4.62493029,3995939.77,4769.14474697,0.1192,2025-09-04 11:54
2025-08-11,695.935,4.62493029,3995939.77,3697.47680093,0.0924,2025-09-04 11:54
2025-08-12,685.541,4.62493029,3995939.77,4736.87852524,0.1184,2025-09-04 11:54
2025-08-13,674.037,4.62493029,3995939.77,4290.60143427,0.1073,2025-09-04 11:54
2025-08-14,689.674,4.62493029,3995939.77,7143.75634865,0.1785,2025-09-04 11:54
2025-08-15,687.679,4.62493029,3995939.77,3731.69437294,0.0933,2025-09-04 11:54
2025-08-16,699.021,4.62493029,3995939.77,8262.83583243,0.2064,2025-09-04 11:54
2025-08-17,699.380,4.62493029,3995939.77,5080.84063256,0.1270,2025-09-04 11:54
2025-08-18,665.815,4.62493029,3995939.77,3006.82973272,0.0752,2025-09-04 11:54
2025-08-19,662.515,4.62493029,3995939.77,7750.82429475,0.1936,2025-09-04 11:54
2025-08-20,682.897,4.62493029,3995939.77,3024.78977293,0.0756,2025-09-04 11:54
2025-08-21,691.732,4.62493029,3995939.77,26697.13736867,0.6637,2025-09-04 11:54
2025-08-22,686.053,4.62493029,3995939.77,55399.64493090,1.3674,2025-09-04 11:54
2025-08-23,688.615,4.62493029,3995939.77,14364.70582390,0.3582,2025-09-04 11:54
2025-08-24,691.769,4.62493029,3995939.77,40804.83146483,1.0108,2025-09-04 11:54
2025-08-25,684.981,4.62493029,3995939.77,29394.23986698,0.7302,2025-09-04 11:54
2025-08-26,686.728,4.62493029,3995939.77,9611.92062541,0.2400,2025-09-04 11:54
2025-08-27,680.164,4.62493029,3995939.77,3905.80308479,0.0976,2025-09-04 11:54
2025-08-28,674.582,4.62493029,3995939.77,14674.29046962,0.3659,2025-09-04 11:54
2025-08-29,677.029,4.62493029,3995939.77,7342.09057762,0.1834,2025-09-04 11:54
2025-08-30,683.989,4.62493029,3995939.77,109351.77489270,2.6637,2025-09-04 11:54
2025-08-31,681.748,4.62493029,3995939.77,11051.94782892,0.2758,2025-09-04 11:54
2025-09-01,676.492,4.62493029,3995939.77,85334.74948173,2.0909,2025-09-04 11:54
2025-09-02,675.653,4.62493029,3995939.77,51451.10354210,1.2712,2025-09-04 11:54
2025-09-03,683.646,4.62493029,3995939.77,47614.30539086,1.1775,2025-09-04 11:54
2025-09-04,677.186,4.62493029,3882978.15,41766.04174229,1.0642,2025-09-04 11:54
2025-09-05,678.202,4.36535290,3771664.91,39335.79020365,1.0322,2025-10-04 22:26
2025-09-06,686.223,4.36535290,3771664.91,8281.96964274,0.2191,2025-10-04 22:26
2025-09-07,691.157,4.36535290,3771664.91,8669.63744123,0.2293,2025-10-04 22:26
2025-09-08,695.315,4.36535290,3771664.91,5529.49656857,0.1464,2025-10-04 22:26
2025-09-09,701.722,4.36535290,3771664.91,5626.08150756,0.1489,2025-10-04 22:26
2025-09-10,682.297,4.36535290,3771664.91,41378.99160432,1.0852,2025-10-04 22:26
2025-09-11,697.981,4.36535290,3771664.91,11959.88011592,0.3161,2025-10-04 22:26
2025-09-12,694.785,4.36535290,3771664.91,32207.35531663,0.8467,2025-10-04 22:26
2025-09-13,695.927,4.36535290,3771664.91,14362.02834737,0.3793,2025-10-04 22:26
2025-09-14,688.801,4.36535290,3771664.91,7670.21985848,0.2030,2025-10-04 22:26
2025-09-15,680.638,4.36535290,3771664.91,2905.11106169,0.0770,2025-10-04 22:26
2025-09-16,687.085,4.36535290,3771664.91,9158.94757049,0.2422,2025-10-04 22:26
2025-09-17,687.528,4.36535290,3771664.91,18200.29281831,0.4802,2025-10-04 22:26
2025-09-18,685.645,4.36535290,3771664.91,6367.57424578,0.1685,2025-10-04 22:26
2025-09-19,698.383,4.36535290,3771664.91,3142.87523220,0.0833,2025-10-04 22:26
2025-09-20,705.952,4.36535290,3771664.91,3559.12621912,0.0943,2025-10-04 22:26
2025-09-21,707.402,4.36535290,3771664.91,3514.15605313,0.0931,2025-10-04 22:26
2025-09-22,698.638,4.36535290,3771664.91,6744.81655534,0.1785,2025-10-04 22:26
2025-09-23,685.337,4.36535290,3771664.91,6084.96558948,0.1611,2025-10-04 22:26
2025-09-24,692.972,4.36535290,3771664.91,16017.56891457,0.4229,2025-10-04 22:26
2025-09-25,689.958,4.36535290,3771664.91,11481.17722108,0.3035,2025-10-04 22:26
2025-09-26,684.782,4.36535290,3771664.91,8422.82704111,0.2228,2025-10-04 22:26
2025-09-27,691.418,4.36535290,3771664.91,7098.10997386,0.1878,2025-10-04 22:26
2025-09-28,688.027,4.36535290,3771664.91,17895.87323363,0.4722,2025-10-04 22:26
2025-09-29,680.692,4.36535290,3771664.91,2483.01309046,0.0658,2025-10-04 22:26
2025-09-30,691.529,4.36535290,3771664.91,5727.16728898,0.1516,2025-10-04 22:26
2025-10-01,684.215,4.36535290,3771664.91,11019.16192217,0.2913,2025-10-04 22:26
2025-10-02,678.556,4.36535290,3771664.91,10669.95375149,0.2821,2025-10-04 22:26
2025-10-03,669.222,4.36535290,3771664.91,18003.76852654,0.4751,2025-10-04 22:26
2025-10-04,682.727,4.36535290,3757885.42,75993.22362780,1.9821,2025-10-04 22:26
2025-10-05,680.330,4.12034447,3559977.62,6393.67327244,0.1793,2025-11-04 08:10
2025-10-06,663.400,4.12034447,3559977.62,4383.83257035,0.1230,2025-11-04 08:10
2025-10-07,672.515,4.12034447,3559977.62,4858.68334402,0.1363,2025-11-04 08:10
2025-10-08,677.590,4.12034447,3559977.62,8158.93487100,0.2287,2025-11-04 08:10
2025-10-09,681.739,4.12034447,3559977.62,17075.62033099,0.4774,2025-11-04 08:10
2025-10-10,681.912,4.12034447,3559977.62,7090.08457969,0.1988,2025-11-04 08:10
2025-10-11,680.503,4.12034447,3559977.62,5865.79536959,0.1645,2025-11-04 08:10
2025-10-12,675.400,4.12034447,3559977.62,5773.91420557,0.1619,2025-11-04 08:10
2025-10-13,660.175,4.12034447,3559977.62,2620.36454452,0.0736,2025-11-04 08:10
2025-10-14,643.188,4.12034447,3559977.62,1683.40152826,0.0473,2025-11-04 08:10
2025-10-15,659.468,4.12034447,3559977.62,3762.29186857,0.1056,2025-11-04 08:10
2025-10-16,655.983,4.12034447,3559977.62,4182.14359410,0.1173,2025-11-04 08:10
2025-10-17,650.394,4.12034447,3559977.62,3342.38329215,0.0938,2025-11-04 08:10
2025-10-18,654.147,4.12034447,3559977.62,3582.68026506,0.1005,2025-11-04 08:10
2025-10-19,667.819,4.12034447,3559977.62,3548.44169844,0.0996,2025-11-04 08:10
2025-10-20,664.845,4.12034447,3559977.62,2248.42646183,0.0631,2025-11-04 08:10
2025-10-21,664.952,4.12034447,3559977.62,7096.23712280,0.1989,2025-11-04 08:10
2025-10-22,646.369,4.12034447,3559977.62,2393.74228995,0.0672,2025-11-04 08:10
2025-10-23,628.006,4.12034447,3559977.62,1281.51445076,0.0360,2025-11-04 08:10
2025-10-24,616.884,4.12034447,3559977.62,3120.00062376,0.0876,2025-11-04 08:10
2025-10-25,615.653,4.12034447,3559977.62,3984.79724658,0.1118,2025-11-04 08:10
2025-10-26,631.272,4.12034447,3559977.62,4656.95469835,0.1306,2025-11-04 08:10
2025-10-27,620.905,4.12034447,3559977.62,21327.94982439,0.5955,2025-11-04 08:10
2025-10-28,620.610,4.12034447,3559977.62,5501.99630549,0.1543,2025-11-04 08:10
2025-10-29,618.581,4.12034447,3559977.62,4703.57340873,0.1319,2025-11-04 08:10
2025-10-30,614.569,4.12034447,3559977.62,11224.86489786,0.3143,2025-11-04 08:10
2025-10-31,633.858,4.12034447,3559977.62,4045.87501436,0.1135,2025-11-04 08:10
2025-11-01,640.642,4.12034447,3559977.62,4058.24795030,0.1139,2025-11-04 08:10
2025-11-02,641.846,4.12034447,3559977.62,3814.34461425,0.1070,2025-11-04 08:10
2025-11-03,638.432,4.12034447,3559977.62,2362.68547246,0.0663,2025-11-04 08:10
2025-11-04,625.975,4.12034447,3428161.61,5183.81384802,0.1510,2025-11-04 08:10
2025-11-05,628.154,3.88908730,3360171.43,4703.54683064,0.1398,2025-12-04 19:11
2025-11-06,624.480,3.88908730,3360171.43,2351.31833199,0.0699,2025-12-04 19:11
2025-11-07,632.086,3.88908730,3360171.43,3766.93090421,0.1120,2025-12-04 19:11
2025-11-08,641.867,3.88908730,3360171.43,6080.12660002,0.1806,2025-12-04 19:11
2025-11-09,639.236,3.88908730,3360171.43,3004.09110764,0.0893,2025-12-04 19:11
2025-11-10,612.921,3.88908730,3360171.43,3538.75382358,0.1052,2025-12-04 19:11
2025-11-11,584.360,3.88908730,3360171.43,7846.58262796,0.2330,2025-12-04 19:11
2025-11-12,611.778,3.88908730,3360171.43,3374.52210331,0.1003,2025-12-04 19:11
2025-11-13,627.843,3.88908730,3360171.43,6698.64552606,0.1990,2025-12-04 19:11
2025-11-14,623.513,3.88908730,3360171.43,2427.87859905,0.0722,2025-12-04 19:11
2025-11-15,628.368,3.88908730,3360171.43,2354.54859967,0.0700,2025-12-04 19:11
2025-11-16,629.003,3.88908730,3360171.43,2698.85561589,0.0803,2025-12-04 19:11
2025-11-17,620.070,3.88908730,3360171.43,5607.40655768,0.1666,2025-12-04 19:11
2025-11-18,608.835,3.88908730,3360171.43,1573.95908326,0.0468,2025-12-04 19:11
2025-11-19,602.369,3.88908730,3360171.43,3901.78185053,0.1160,2025-12-04 19:11
2025-11-20,600.924,3.88908730,3360171.43,3511.08134199,0.1044,2025-12-04 19:11
2025-11-21,582.738,3.88908730,3360171.43,3979.56455728,0.1183,2025-12-04 19:11
2025-11-22,622.923,3.88908730,3360171.43,1280.70217117,0.0381,2025-12-04 19:11
2025-11-23,615.201,3.88908730,3360171.43,1240.95833564,0.0369,2025-12-04 19:11
2025-11-24,579.670,3.88908730,3360171.43,3917.07732632,0.1164,2025-12-04 19:11
2025-11-25,535.289,3.88908730,3360171.43,5193.02576122,0.1543,2025-12-04 19:11
2025-11-26,564.927,3.88908730,3360171.43,28315.19668716,0.8356,2025-12-04 19:11
2025-11-27,592.281,3.88908730,3360171.43,1233.10841195,0.0367,2025-12-04 19:11
2025-11-28,594.068,3.88908730,3360171.43,2304.94204914,0.0685,2025-12-04 19:11
2025-11-29,613.744,3.88908730,3360171.43,3834.57300912,0.1140,2025-12-04 19:11
2025-11-30,609.738,3.88908730,3360171.43,4592.45647897,0.1365,2025-12-04 19:11
2025-12-01,594.004,3.88908730,3360171.43,2586.05013715,0.0769,2025-12-04 19:11
2025-12-02,594.317,3.88908730,3360171.43,2341.34075989,0.0696,2025-12-04 19:11
2025-12-03,605.035,3.88908730,3360171.43,2593.82672968,0.0771,2025-12-04 19:11
2025-12-04,612.223,3.88908730,3322387.91,4659.96571964,0.1401,2025-12-04 19:11
2025-12-05,602.560,3.67080960,3171579.49,3559.99885366,0.1121,2026-01-04 05:07
2025-12-06,609.241,3.67080960,3171579.49,3721.66591294,0.1172,2026-01-04 05:07
2025-12-07,608.597,3.67080960,3171579.49,4354.59006792,0.1371,2026-01-04 05:07
2025-12-08,600.993,3.67080960,3171579.49,2731.09681806,0.0860,2026-01-04 05:07
2025-12-09,597.229,3.67080960,3171579.49,5269.62917940,0.1659,2026-01-04 05:07
2025-12-10,595.614,3.67080960,3171579.49,3014.49948988,0.0950,2026-01-04 05:07
2025-12-11,575.563,3.67080960,3171579.49,4127.93011758,0.1300,2026-01-04 05:07
2025-12-12,506.010,3.67080960,3171579.49,2957.94683906,0.0932,2026-01-04 05:07
2025-12-13,489.737,3.67080960,3171579.49,4103.66697001,0.1292,2026-01-04 05:07
2025-12-14,482.387,3.67080960,3171579.49,1929.34801479,0.0608,2026-01-04 05:07
2025-12-15,454.987,3.67080960,3171579.49,1694.64406075,0.0534,2026-01-04 05:07
2025-12-16,483.448,3.67080960,3171579.49,9714.33131200,0.3054,2026-01-04 05:07
2025-12-17,484.303,3.67080960,3171579.49,4956.62946798,0.1560,2026-01-04 05:07
2025-12-18,484.030,3.67080960,3171579.49,3601.54986460,0.1134,2026-01-04 05:07
2025-12-19,470.494,3.67080960,3171579.49,44244.76919653,1.3758,2026-01-04 05:07
2025-12-20,481.914,3.67080960,3171579.49,41645.14116846,1.2961,2026-01-04 05:07
2025-12-21,474.945,3.67080960,3171579.49,1935.64762507,0.0610,2026-01-04 05:07
2025-12-22,469.801,3.67080960,3171579.49,3016.48398750,0.0950,2026-01-04 05:07
2025-12-23,463.072,3.67080960,3171579.49,1297.73031943,0.0409,2026-01-04 05:07
2025-12-24,471.414,3.67080960,3171579.49,2420.78996604,0.0763,2026-01-04 05:07
2025-12-25,470.244,3.67080960,3171579.49,4513.05227494,0.1421,2026-01-04 05:07
2025-12-26,469.801,3.67080960,3171579.49,4691.62804891,0.1477,2026-01-04 05:07
2025-12-27,481.832,3.67080960,3171579.49,2277.05040954,0.0717,2026-01-04 05:07
2025-12-28,469.810,3.67080960,3171579.49,1164.50439915,0.0367,2026-01-04 05:07
2025-12-29,426.855,3.67080960,3171579.49,3115.96438105,0.0982,2026-01-04 05:07
2025-12-30,420.812,3.67080960,3171579.49,13025.93170504,0.4090,2026-01-04 05:07
2025-12-31,440.068,3.67080960,3171579.49,1726.38174473,0.0544,2026-01-04 05:07
2026-01-01,433.482,3.67080960,3171579.49,1302.64366910,0.0411,2026-01-04 05:07
2026-01-02,429.955,3.67080960,3171579.49,939.86130858,0.0296,2026-01-04 05:07
2026-01-03,437.872,3.67080960,3171579.49,881.99747838,0.0278,2026-01-04 05:07
2026-01-04,440.791,3.67080960,3031547.21,930.11107253,0.0307,2026-01-04 05:07
2026-01-05,434.123,3.46478289,2993572.42,785.85641975,0.0262,2026-02-03 15:45
2026-01-06,435.389,3.46478289,2993572.42,2028.97982302,0.0677,2026-02-03 15:45
2026-01-07,443.741,3.46478289,2993572.42,1431.16422900,0.0478,2026-02-03 15:45
2026-01-08,461.015,3.46478289,2993572.42,1700.18091537,0.0568,2026-02-03 15:45
2026-01-09,461.634,3.46478289,2993572.42,2744.46996050,0.0916,2026-02-03 15:45
2026-01-10,474.473,3.46478289,2993572.42,2080.18917904,0.0694,2026-02-03 15:45
2026-01-11,480.247,3.46478289,2993572.42,553.99820679,0.0185,2026-02-03 15:45
2026-01-12,474.685,3.46478289,2993572.42,7186.11501508,0.2395,2026-02-03 15:45
2026-01-13,476.736,3.46478289,2993572.42,3076.67136841,0.1027,2026-02-03 15:45
2026-01-14,476.574,3.46478289,2993572.42,1960.11404537,0.0654,2026-02-03 15:45
2026-01-15,467.174,3.46478289,2993572.42,1907.71600349,0.0637,2026-02-03 15:45
2026-01-16,472.889,3.46478289,2993572.42,745.12515128,0.0249,2026-02-03 15:45
2026-01-17,472.990,3.46478289,2993572.42,1298.58241429,0.0434,2026-02-03 15:45
2026-01-18,475.088,3.46478289,2993572.42,4249.99731692,0.1418,2026-02-03 15:45
2026-01-19,463.424,3.46478289,2993572.42,562.29655490,0.0188,2026-02-03 15:45
2026-01-20,461.363,3.46478289,2993572.42,2060.75868388,0.0688,2026-02-03 15:45
2026-01-21,471.894,3.46478289,2993572.42,697.18206029,0.0233,2026-02-03 15:45
2026-01-22,465.001,3.46478289,2993572.42,,,2026-02-03 15:45
2026-01-23,456.391,3.46478289,2993572.42,753.70200868,0.0252,2026-02-03 15:45
2026-01-24,429.049,3.46478289,2993572.42,5865.51390777,0.1956,2026-02-03 15:45
2026-01-25,367.037,3.46478289,2993572.42,794.40278208,0.0265,2026-02-03 15:45
2026-01-26,372.680,3.46478289,2993572.42,884.16781556,0.0295,2026-02-03 15:45
2026-01-27,448.471,3.46478289,2993572.42,4331.66169262,0.1445,2026-02-03 15:45
2026-01-28,448.760,3.46478289,2993572.42,4724.60008035,0.1576,2026-02-03 15:45
2026-01-29,464.666,3.46478289,2993572.42,2681.20403922,0.0895,2026-02-03 15:45
2026-01-30,459.731,3.46478289,2993572.42,5639.59440012,0.1880,2026-02-03 15:45
2026-01-31,464.648,3.46478289,2993572.42,2144.19946534,0.0716,2026-02-03 15:45
2026-02-01,452.442,3.46478289,2993572.42,2548.56653888,0.0851,2026-02-03 15:45
2026-02-02,446.451,3.46478289,2993572.42,2701.72930186,0.0902,2026-02-03 15:45
2026-02-03,439.137,3.46478289,2935894.07,1204.22088060,0.0410,2026-02-03 15:45
2026-02-04,442.107,3.27031957,2825556.11,4467.90788070,0.1579,2026-03-06 02:30
2026-02-05,427.822,3.27031957,2825556.11,1210.89004119,0.0428,2026-03-06 02:30
2026-02-06,439.776,3.27031957,2825556.11,531.87634616,0.0188,2026-03-06 02:30
2026-02-07,437.033,3.27031957,2825556.11,592.17171317,0.0210,2026-03-06 02:30
2026-02-08,432.426,3.27031957,2825556.11,500.05241981,0.0177,2026-03-06 02:30
2026-02-09,418.726,3.27031957,2825556.11,1013.17553764,0.0358,2026-03-06 02:30
2026-02-10,428.048,3.27031957,2825556.11,412.41427719,0.0146,2026-03-06 02:30
2026-02-11,423.183,3.27031957,2825556.11,1903.83812106,0.0673,2026-03-06 02:30
2026-02-12,413.059,3.27031957,2825556.11,3505.89427375,0.1239,2026-03-06 02:30
2026-02-13,414.033,3.27031957,2825556.11,3299.59025635,0.1166,2026-03-06 02:30
2026-02-14,427.606,3.27031957,2825556.11,1838.54187324,0.0650,2026-03-06 02:30
2026-02-15,429.555,3.27031957,2825556.11,719.62438436,0.0255,2026-03-06 02:30
2026-02-16,421.643,3.27031957,2825556.11,1592.28445320,0.0563,2026-03-06 02:30
2026-02-17,415.664,3.27031957,2825556.11,740.01571150,0.0262,2026-03-06 02:30
2026-02-18,414.964,3.27031957,2825556.11,746.30767525,0.0264,2026-03-06 02:30
2026-02-19,415.498,3.27031957,2825556.11,509.67283036,0.0180,2026-03-06 02:30
2026-02-20,413.905,3.27031957,2825556.11,447.90056635,0.0158,2026-03-06 02:30
2026-02-21,426.034,3.27031957,2825556.11,941.70461678,0.0333,2026-03-06 02:30
2026-02-22,425.162,3.27031957,2825556.11,279.28291888,0.0099,2026-03-06 02:30
2026-02-23,416.675,3.27031957,2825556.11,2047.62150986,0.0724,2026-03-06 02:30
2026-02-24,411.289,3.27031957,2825556.11,2743.23526934,0.0970,2026-03-06 02:30
2026-02-25,409.608,3.27031957,2825556.11,403.37877251,0.0143,2026-03-06 02:30
2026-02-26,412.809,3.27031957,2825556.11,259.12892702,0.0092,2026-03-06 02:30
2026-02-27,418.163,3.27031957,2825556.11,2683.58074539,0.0949,2026-03-06 02:30
2026-02-28,429.913,3.27031957,2825556.11,1319.32854577,0.0467,2026-03-06 02:30
2026-03-01,417.862,3.27031957,2825556.11,3294.05206628,0.1164,2026-03-06 02:30
2026-03-02,415.975,3.27031957,2825556.11,1187.58013216,0.0420,2026-03-06 02:30
2026-03-03,412.788,3.27031957,2825556.11,1878.80769038,0.0664,2026-03-06 02:30
2026-03-04,415.175,3.27031957,2825556.11,3206.90484742,0.1134,2026-03-06 02:30
2026-03-05,416.712,3.27031957,2825556.11,1031.49582948,0.0365,2026-03-06 02:30
2026-03-06,420.521,3.27031957,2683529.58,707.71574633,0.0264,2026-03-06 02:30
2026-03-07,426.059,3.08677064,2666969.83,3141.11781758,0.1176,2026-04-05 13:09
2026-03-08,422.659,3.08677064,2666969.83,3029.51989342,0.1135,2026-04-05 13:09
2026-03-09,407.233,3.08677064,2666969.83,1997.54713286,0.0748,2026-04-05 13:09
2026-03-10,412.114,3.08677064,2666969.83,1958.80898253,0.0734,2026-04-05 13:09
2026-03-11,410.947,3.08677064,2666969.83,1130.06946674,0.0424,2026-04-05 13:09
2026-03-12,409.605,3.08677064,2666969.83,2381.37522269,0.0892,2026-04-05 13:09
2026-03-13,404.994,3.08677064,2666969.83,265.28694025,0.0099,2026-04-05 13:09
2026-03-14,415.492,3.08677064,2666969.83,1499.25008544,0.0562,2026-04-05 13:09
2026-03-15,411.224,3.08677064,2666969.83,2986.14629079,0.1118,2026-04-05 13:09
2026-03-16,401.868,3.08677064,2666969.83,394.03891804,0.0148,2026-04-05 13:09
2026-03-17,401.073,3.08677064,2666969.83,,,2026-04-05 13:09
2026-03-18,409.571,3.08677064,2666969.83,,,2026-04-05 13:09
2026-03-19,407.333,3.08677064,2666969.83,,,2026-04-05 13:09
2026-03-20,411.599,3.08677064,2666969.83,,,2026-04-05 13:09
2026-03-21,413.564,3.08677064,2666969.83,5854.48960576,0.2190,2026-04-05 13:09
2026-03-22,413.860,3.08677064,2666969.83,2834.00186233,0.1062,2026-04-05 13:09
2026-03-23,403.200,3.08677064,2666969.83,712.01843087,0.0267,2026-04-05 13:09
2026-03-24,407.768,3.08677064,2666969.83,1839.81867089,0.0689,2026-04-05 13:09
2026-03-25,405.821,3.08677064,2666969.83,1316.33765278,0.0493,2026-04-05 13:09
2026-03-26,379.867,3.08677064,2666969.83,1124.03365843,0.0421,2026-04-05 13:09
2026-03-27,392.290,3.08677064,2666969.83,2187.67440329,0.0820,2026-04-05 13:09
2026-03-28,419.028,3.08677064,2666969.83,1409.35323824,0.0528,2026-04-05 13:09
2026-03-29,425.672,3.08677064,2666969.83,2397.99237734,0.0898,2026-04-05 13:09
2026-03-30,417.243,3.08677064,2666969.83,2078.96955411,0.0779,2026-04-05 13:09
2026-03-31,412.328,3.08677064,2666969.83,6036.43939748,0.2258,2026-04-05 13:09
2026-04-01,413.309,3.08677064,2666969.83,1448.62394054,0.0543,2026-04-05 13:09
2026-04-02,410.790,3.08677064,2666969.83,2779.87510011,0.1041,2026-04-05 13:09
2026-04-03,408.445,3.08677064,2666969.83,4737.97107161,0.1773,2026-04-05 13:09
2026-04-04,417.014,3.08677064,2666969.83,2300.35414829,0.0862,2026-04-05 13:09
2026-04-05,421.059,3.08677064,2599362.91,3097.84976503,0.1190,2026-04-05 13:09
2026-04-06,414.249,2.91352351,2517284.31,1671.56926990,0.0664,2026-05-05 22:46
2026-04-07,412.046,2.91352351,2517284.31,5250.68673758,0.2082,2026-05-05 22:46
2026-04-08,413.166,2.91352351,2517284.31,1330.10646121,0.0528,2026-05-05 22:46
2026-04-09,413.993,2.91352351,2517284.31,2471.94860069,0.0981,2026-05-05 22:46
2026-04-10,411.020,2.91352351,2517284.31,2820.57970220,0.1119,2026-05-05 22:46
2026-04-11,417.240,2.91352351,2517284.31,936.61202859,0.0372,2026-05-05 22:46
2026-04-12,417.244,2.91352351,2517284.31,1807.75219977,0.0718,2026-05-05 22:46
2026-04-13,409.776,2.91352351,2517284.31,2352.17468741,0.0934,2026-05-05 22:46
2026-04-14,410.720,2.91352351,2517284.31,1775.95478261,0.0705,2026-05-05 22:46
2026-04-15,409.707,2.91352351,2517284.31,1377.10404511,0.0547,2026-05-05 22:46
2026-04-16,410.076,2.91352351,2517284.31,911.90507708,0.0362,2026-05-05 22:46
2026-04-17,418.914,2.91352351,2517284.31,1983.76093910,0.0787,2026-05-05 22:46
2026-04-18,429.953,2.91352351,2517284.31,6443.56003728,0.2553,2026-05-05 22:46
2026-04-19,433.297,2.91352351,2517284.31,1746.40840067,0.0693,2026-05-05 22:46
2026-04-20,429.303,2.91352351,2517284.31,728.64484346,0.0289,2026-05-05 22:46
2026-04-21,429.106,2.91352351,2517284.31,3872.45842127,0.1536,2026-05-05 22:46
2026-04-22,404.514,2.91352351,2517284.31,1043.54276207,0.0414,2026-05-05 22:46
2026-04-23,400.255,2.91352351,2517284.31,549.80608374,0.0218,2026-05-05 22:46
2026-04-24,400.909,2.91352351,2517284.31,588.05618743,0.0234,2026-05-05 22:46
2026-04-25,403.888,2.91352351,2517284.31,823.68128442,0.0327,2026-05-05 22:46
2026-04-26,403.254,2.91352351,2517284.31,725.05132672,0.0288,2026-05-05 22:46
2026-04-27,394.436,2.91352351,2517284.31,715.82508807,0.0284,2026-05-05 22:46
2026-04-28,392.865,2.91352351,2517284.31,2382.38682240,0.0946,2026-05-05 22:46
2026-04-29,395.896,2.91352351,2517284.31,1738.23019330,0.0690,2026-05-05 22:46
2026-04-30,394.515,2.91352351,2517284.31,801.10360016,0.0318,2026-05-05 22:46
2026-05-01,399.300,2.91352351,2517284.31,900.45403585,0.0358,2026-05-05 22:46
2026-05-02,402.041,2.91352351,2517284.31,489.77084913,0.0195,2026-05-05 22:46
2026-05-03,404.813,2.91352351,2517284.31,15035.64270703,0.5937,2026-05-05 22:46
2026-05-04,397.218,2.91352351,2517284.31,1724.03614289,0.0684,2026-05-05 22:46
2026-05-05,390.975,2.91352351,2510045.75,2000.02621687,0.0796,2026-05-05 22:46
2026-05-06,388.220,2.75000000,2376000.00,1697.61142027,0.0714,2026-06-05 10:06
2026-05-07,380.600,2.75000000,2376000.00,588.46966844,0.0248,2026-06-05 10:06
2026-05-08,385.338,2.75000000,2376000.00,2405.24115728,0.1011,2026-06-05 10:06
2026-05-09,393.483,2.75000000,2376000.00,979.03786797,0.0412,2026-06-05 10:06
2026-05-10,397.065,2.75000000,2376000.00,578.02993267,0.0243,2026-06-05 10:06
2026-05-11,384.656,2.75000000,2376000.00,606.19319096,0.0255,2026-06-05 10:06
2026-05-12,364.461,2.75000000,2376000.00,2983.61901953,0.1254,2026-06-05 10:06
2026-05-13,349.219,2.75000000,2376000.00,1509.65852874,0.0635,2026-06-05 10:06
2026-05-14,353.451,2.75000000,2376000.00,598.10594402,0.0252,2026-06-05 10:06
2026-05-15,360.448,2.75000000,2376000.00,586.06577400,0.0247,2026-06-05 10:06
2026-05-16,370.729,2.75000000,2376000.00,649.26529720,0.0273,2026-06-05 10:06
2026-05-17,369.911,2.75000000,2376000.00,4303.07141504,0.1808,2026-06-05 10:06
2026-05-18,373.848,2.75000000,2376000.00,3406.66163898,0.1432,2026-06-05 10:06
2026-05-19,402.148,2.75000000,2376000.00,816.93673051,0.0344,2026-06-05 10:06
2026-05-20,398.441,2.75000000,2376000.00,821.05949445,0.0345,2026-06-05 10:06
2026-05-21,394.656,2.75000000,2376000.00,964.33361671,0.0406,2026-06-05 10:06
2026-05-22,398.702,2.75000000,2376000.00,1520.51204485,0.0640,2026-06-05 10:06
2026-05-23,405.218,2.75000000,2376000.00,2772.52124989,0.1166,2026-06-05 10:06
2026-05-24,397.330,2.75000000,2376000.00,639.13509260,0.0269,2026-06-05 10:06
2026-05-25,392.866,2.75000000,2376000.00,2483.22329804,0.1044,2026-06-05 10:06
2026-05-26,389.726,2.75000000,2376000.00,3214.29241528,0.1351,2026-06-05 10:06
2026-05-27,403.903,2.75000000,2376000.00,863.53756792,0.0363,2026-06-05 10:06
2026-05-28,413.806,2.75000000,2376000.00,904.05936820,0.0380,2026-06-05 10:06
2026-05-29,416.380,2.75000000,2376000.00,2498.99049486,0.1051,2026-06-05 10:06
2026-05-30,419.357,2.75000000,2376000.00,1013.50779831,0.0426,2026-06-05 10:06
2026-05-31,425.135,2.75000000,2376000.00,3090.20133646,0.1299,2026-06-05 10:06
2026-06-01,406.441,2.75000000,2376000.00,2541.95719809,0.1069,2026-06-05 10:06
2026-06-02,408.601,2.75000000,2376000.00,1639.46282753,0.0690,2026-06-05 10:06
2026-06-03,406.681,2.75000000,2376000.00,4264.66946873,0.1792,2026-06-05 10:06
2026-06-04,407.823,2.75000000,2376000.00,1743.41417542,0.0733,2026-06-05 10:06
2026-06-05,404.080,2.75000000,2298806.66,1943.55608369,0.0845,2026-06-05 10:06
2026-06-06,416.562,2.59565436,2242645.37,2165.11894082,0.0964,2026-07-05 20:45
2026-06-07,420.340,2.59565436,2242645.37,18606.92023015,0.8229,2026-07-05 20:45
2026-06-08,406.650,2.59565436,2242645.37,4514.41533859,0.2009,2026-07-05 20:45
2026-06-09,390.937,2.59565436,2242645.37,2292.39354298,0.1021,2026-07-05 20:45
2026-06-10,374.287,2.59565436,2242645.37,1421.44470231,0.0633,2026-07-05 20:45
2026-06-11,372.192,2.59565436,2242645.37,2644.56360566,0.1178,2026-07-05 20:45
2026-06-12,393.148,2.59565436,2242645.37,2544.56487006,0.1133,2026-07-05 20:45
2026-06-13,412.017,2.59565436,2242645.37,2156.62126074,0.0961,2026-07-05 20:45
2026-06-14,403.861,2.59565436,2242645.37,1516.35466389,0.0676,2026-07-05 20:45
2026-06-15,402.848,2.59565436,2242645.37,1009.11177640,0.0450,2026-07-05 20:45
2026-06-16,396.041,2.59565436,2242645.37,1622.46718561,0.0723,2026-07-05 20:45
2026-06-17,390.659,2.59565436,2242645.37,3481.33171105,0.1550,2026-07-05 20:45
2026-06-18,386.673,2.59565436,2242645.37,3147.80002415,0.1402,2026-07-05 20:45
2026-06-19,379.199,2.59565436,2242645.37,1164.88294681,0.0519,2026-07-05 20:45
2026-06-20,387.155,2.59565436,2242645.37,1096.14499299,0.0489,2026-07-05 20:45
2026-06-21,388.072,2.59565436,2242645.37,7643.77881804,0.3397,2026-07-05 20:45
2026-06-22,374.717,2.59565436,2242645.37,1600.41313792,0.0713,2026-07-05 20:45
2026-06-23,378.342,2.59565436,2242645.37,1256.85478538,0.0560,2026-07-05 20:45
2026-06-24,380.350,2.59565436,2242645.37,3910.17036747,0.1741,2026-07-05 20:45
2026-06-25,378.491,2.59565436,2242645.37,4996.70218248,0.2223,2026-07-05 20:45
2026-06-26,377.741,2.59565436,2242645.37,2041.21768390,0.0909,2026-07-05 20:45
2026-06-27,387.754,2.59565436,2242645.37,3101.45681469,0.1381,2026-07-05 20:45
2026-06-28,381.981,2.59565436,2242645.37,1951.46575866,0.0869,2026-07-05 20:45
2026-06-29,360.535,2.59565436,2242645.37,1916.21745775,0.0854,2026-07-05 20:45
2026-06-30,351.663,2.59565436,2242645.37,2909.50140666,0.1296,2026-07-05 20:45
2026-07-01,342.396,2.59565436,2242645.37,3040.38998039,0.1354,2026-07-05 20:45
2026-07-02,329.440,2.59565436,2242645.37,1292.85681777,0.0576,2026-07-05 20:45
2026-07-03,310.715,2.59565436,2242645.37,3623.06417474,0.1613,2026-07-05 20:45
2026-07-04,358.875,2.59565436,2242645.37,2982.17190609,0.1328,2026-07-05 20:45
2026-07-05,368.191,2.59565436,2225643.14,2508.06122742,0.1126,2026-07-05 20:45
2026-07-06,344.049,2.44997148,2116775.36,1334.77517853,0.0630,2026-08-05 06:38
2026-07-07,338.076,2.44997148,2116775.36,1483.37196029,0.0700,2026-08-05 06:38
2026-07-08,332.406,2.44997148,2116775.36,1559.51086512,0.0736,2026-08-05 06:38
2026-07-09,339.523,2.44997148,2116775.36,3016.96953462,0.1423,2026-08-05 06:38
2026-07-10,320.337,2.44997148,2116775.36,1142.72989588,0.0540,2026-08-05 06:38
2026-07-11,337.721,2.44997148,2116775.36,1203.84762479,0.0568,2026-08-05 06:38
2026-07-12,338.852,2.44997148,2116775.36,2119.83972612,0.1000,2026-08-05 06:38
2026-07-13,322.342,2.44997148,2116775.36,7064.64175726,0.3326,2026-08-05 06:38
2026-07-14,304.987,2.44997148,2116775.36,9887.02205618,0.4649,2026-08-05 06:38
2026-07-15,315.215,2.44997148,2116775.36,3786.63310990,0.1786,2026-08-05 06:38
2026-07-16,309.445,2.44997148,2116775.36,5153.03412298,0.2428,2026-08-05 06:38
2026-07-17,305.842,2.44997148,2116775.36,2175.10080385,0.1026,2026-08-05 06:38
2026-07-18,313.861,2.44997148,2116775.36,1259.71489422,0.0595,2026-08-05 06:38
2026-07-19,319.020,2.44997148,2116775.36,1881.12471513,0.0888,2026-08-05 06:38
2026-07-20,301.894,2.44997148,2116775.36,1286.83386590,0.0608,2026-08-05 06:38
2026-07-21,275.235,2.44997148,2116775.36,1822.83172004,0.0860,2026-08-05 06:38
2026-07-22,307.165,2.44997148,2116775.36,961.56442916,0.0454,2026-08-05 06:38
2026-07-23,279.826,2.44997148,2116775.36,1469.30742365,0.0694,2026-08-05 06:38
2026-07-24,301.090,2.44997148,2116775.36,2538.90949988,0.1198,2026-08-05 06:38
2026-07-25,293.090,2.44997148,2116775.36,1333.92449319,0.0630,2026-08-05 06:38
2026-07-26,291.949,2.44997148,2116775.36,1983.89019361,0.0936,2026-08-05 06:38
2026-07-27,262.042,2.44997148,2116775.36,5002.00721134,0.2357,2026-08-05 06:38
2026-07-28,258.973,2.44997148,2116775.36,1939.21271013,0.0915,2026-08-05 06:38
2026-07-29,280.095,2.44997148,2116775.36,2807.10903816,0.1324,2026-08-05 06:38
2026-07-30,310.892,2.44997148,2116775.36,2061.64622955,0.0973,2026-08-05 06:38
2026-07-31,325.206,2.44997148,2116775.36,1853.96363199,0.0875,2026-08-05 06:38
2026-08-01,339.429,2.44997148,2116775.36,2643.55392095,0.1247,2026-08-05 06:38
2026-08-02,341.460,2.44997148,2116775.36,3429.52400664,0.1618,2026-08-05 06:38
2026-08-03,336.383,2.44997148,2116775.36,2021.40124816,0.0954,2026-08-05 06:38
2026-08-04,330.592,2.44997148,2116775.36,1760.67668179,0.0831,2026-08-05 06:38
2026-08-05,322.852,2.44997148,2030839.42,1555.48746430,0.0765,2026-08-05 06:38
2026-08-06,315.476,2.31246515,1997969.89,1269.76031050,0.0635,2026-09-04 17:13
2026-08-07,310.995,2.31246515,1997969.89,8870.43667671,0.4420,2026-09-04 17:13
2026-08-08,285.790,2.31246515,1997969.89,1335.42353042,0.0668,2026-09-04 17:13
2026-08-09,278.406,2.31246515,1997969.89,3738.26552509,0.1868,2026-09-04 17:13
2026-08-10,288.674,2.31246515,1997969.89,1738.59808126,0.0869,2026-09-04 17:13
2026-08-11,306.506,2.31246515,1997969.89,1193.62381973,0.0597,2026-09-04 17:13
2026-08-12,316.004,2.31246515,1997969.89,1287.97789843,0.0644,2026-09-04 17:13
2026-08-13,321.173,2.31246515,1997969.89,4502.94516368,0.2249,2026-09-04 17:13
2026-08-14,324.688,2.31246515,1997969.89,1328.61741001,0.0665,2026-09-04 17:13
2026-08-15,330.885,2.31246515,1997969.89,1095.42185669,0.0548,2026-09-04 17:13
2026-08-16,334.290,2.31246515,1997969.89,1188.44998147,0.0594,2026-09-04 17:13
2026-08-17,327.164,2.31246515,1997969.89,1632.59754145,0.0816,2026-09-04 17:13
2026-08-18,322.924,2.31246515,1997969.89,1575.83802399,0.0788,2026-09-04 17:13
2026-08-19,316.047,2.31246515,1997969.89,5922.79144458,0.2956,2026-09-04 17:13
2026-08-20,304.676,2.31246515,1997969.89,1365.85297851,0.0683,2026-09-04 17:13
2026-08-21,305.599,2.31246515,1997969.89,2856.14976111,0.1427,2026-09-04 17:13
2026-08-22,310.385,2.31246515,1997969.89,2368.66778205,0.1184,2026-09-04 17:13
2026-08-23,315.098,2.31246515,1997969.89,2400.38805044,0.1200,2026-09-04 17:13
2026-08-24,308.682,2.31246515,1997969.89,1312.94605913,0.0657,2026-09-04 17:13
2026-08-25,312.840,2.31246515,1997969.89,2359.06698430,0.1179,2026-09-04 17:13
2026-08-26,315.779,2.31246515,1997969.89,1372.53904344,0.0686,2026-09-04 17:13
2026-08-27,316.453,2.31246515,1997969.89,1233.49997547,0.0617,2026-09-04 17:13
2026-08-28,318.711,2.31246515,1997969.89,1193.01135628,0.0597,2026-09-04 17:13
2026-08-29,327.772,2.31246515,1997969.89,1185.57696422,0.0593,2026-09-04 17:13
2026-08-30,326.249,2.31246515,1997969.89,2310.82185307,0.1155,2026-09-04 17:13
2026-08-31,317.258,2.31246515,1997969.89,1529.92031785,0.0765,2026-09-04 17:13
2026-09-01,314.901,2.31246515,1997969.89,1512.00677849,0.0756,2026-09-04 17:13
2026-09-02,316.911,2.31246515,1997969.89,1265.18644898,0.0633,2026-09-04 17:13
2026-09-03,317.712,2.31246515,1997969.89,1817.06907382,0.0909,2026-09-04 17:13
2026-09-04,319.912,2.31246515,1966323.66,1385.20218946,0.0704,2026-09-04 17:13
2026-09-05,329.215,2.18267645,1885832.45,1025.70095256,0.0544,2026-10-05 03:15
2026-09-06,328.228,2.18267645,1885832.45,1170.75775357,0.0620,2026-10-05 03:15
2026-09-07,327.801,2.18267645,1885832.45,8268.07929956,0.4365,2026-10-05 03:15
2026-09-08,326.796,2.18267645,1885832.45,1149.83916922,0.0609,2026-10-05 03:15
2026-09-09,324.096,2.18267645,1885832.45,1323.83841458,0.0701,2026-10-05 03:15
2026-09-10,317.698,2.18267645,1885832.45,4362.94511428,0.2308,2026-10-05 03:15
2026-09-11,337.138,2.18267645,1885832.45,3022.02662277,0.1600,2026-10-05 03:15
2026-09-12,342.848,2.18267645,1885832.45,11093.88083050,0.5848,2026-10-05 03:15
2026-09-13,342.145,2.18267645,1885832.45,2972.70999816,0.1574,2026-10-05 03:15
2026-09-14,334.309,2.18267645,1885832.45,1598.62760069,0.0847,2026-10-05 03:15
2026-09-15,333.867,2.18267645,1885832.45,2077.53716237,0.1100,2026-10-05 03:15
2026-09-16,338.794,2.18267645,1885832.45,1821.39714277,0.0965,2026-10-05 03:15
2026-09-17,340.907,2.18267645,1885832.45,2098.42346924,0.1111,2026-10-05 03:15
2026-09-18,337.012,2.18267645,1885832.45,2923.13844705,0.1548,2026-10-05 03:15
2026-09-19,347.704,2.18267645,1885832.45,2172.42232914,0.1151,2026-10-05 03:15
2026-09-20,348.341,2.18267645,1885832.45,2372.07499868,0.1256,2026-10-05 03:15
2026-09-21,332.527,2.18267645,1885832.45,1360.70516234,0.0721,2026-10-05 03:15
2026-09-22,339.245,2.18267645,1885832.45,1472.27195671,0.0780,2026-10-05 03:15
2026-09-23,338.217,2.18267645,1885832.45,1773.90969760,0.0940,2026-10-05 03:15
2026-09-24,340.040,2.18267645,1885832.45,2109.30953169,0.1117,2026-10-05 03:15
2026-09-25,342.068,2.18267645,1885832.45,1595.56882540,0.0845,2026-10-05 03:15
2026-09-26,354.972,2.18267645,1885832.45,1321.51386796,0.0700,2026-10-05 03:15
2026-09-27,356.748,2.18267645,1885832.45,1238.48174787,0.0656,2026-10-05 03:15
2026-09-28,342.934,2.18267645,1885832.45,2874.94216963,0.1522,2026-10-05 03:15
2026-09-29,346.228,2.18267645,1885832.45,2282.90680251,0.1209,2026-10-05 03:15
